directory,class
covid/COVID19(308).jpg,1
covid/COVID-19 (839).jpg,1
covid/COVID-19 (105).jpg,1
covid/COVID-19 (379).jpg,1
covid/COVID19(443).jpg,1
covid/COVID19(282).jpg,1
covid/COVID19(433).jpg,1
covid/COVID-19 (725).jpg,1
covid/COVID-19 (378).jpg,1
covid/COVID19(533).jpg,1
covid/COVID-19 (25).jpeg,1
covid/COVID19(128).jpg,1
covid/COVID19(534).jpg,1
covid/COVID19(343).jpg,1
covid/COVID-19 (403).jpg,1
covid/COVID-19 (686).jpg,1
covid/COVID-19 (59).jpg,1
covid/A7E260CE-8A00-4C5F-A7F5-27336527A981-1068x1092.jpeg,1
covid/COVID19(246).jpg,1
covid/COVID-19 (3).jpeg,1
covid/COVID-19 (660).jpg,1
covid/COVID-19 (223).jpg,1
covid/COVID-19 (64).jpg,1
covid/COVID-19 (78).jpg,1
covid/COVID-19 (392).jpg,1
covid/COVID-19 (858).jpg,1
covid/COVID-19 (176).jpg,1
covid/COVID-19 (721).jpg,1
covid/COVID-19 (776).jpg,1
covid/COVID19(44).jpg,1
covid/COVID-19 (11).jpg,1
covid/COVID19(160).jpg,1
covid/COVID-19 (470).jpg,1
covid/COVID-19 (764).jpg,1
covid/COVID19(557).jpg,1
covid/COVID19(29).jpg,1
covid/COVID-19 (625).jpg,1
covid/COVID-19 (503).jpg,1
covid/COVID-19 (409).jpg,1
covid/COVID-19 (260).jpg,1
covid/80446565-E090-4187-A031-9D3CEAA586C8.jpeg,1
covid/COVID-19 (111).jpg,1
covid/COVID19(422).jpg,1
covid/COVID-19 (451).jpg,1
covid/COVID-19 (627).jpg,1
covid/COVID19(195).jpg,1
covid/COVID-19 (467).jpg,1
covid/COVID19(202).jpg,1
covid/COVID19(342).jpg,1
covid/COVID-19 (733).jpg,1
covid/COVID-19 (745).jpg,1
covid/COVID19(166).jpg,1
covid/COVID-19 (877).jpg,1
covid/COVID19(173).jpg,1
covid/COVID-19 (95).jpg,1
covid/COVID-19 (168).jpg,1
covid/COVID-19 (205).jpg,1
covid/COVID19(120).jpg,1
covid/COVID19(251).jpg,1
covid/COVID-19 (203).jpg,1
covid/COVID-19 (342).jpg,1
covid/COVID-19 (216).jpg,1
covid/COVID-19 (542).jpg,1
covid/COVID-19 (768).jpg,1
covid/COVID19(110).jpg,1
covid/COVID-19 (594).jpg,1
covid/COVID19(466).jpg,1
covid/COVID-19 (772).jpg,1
covid/COVID-19 (144).jpg,1
covid/COVID-19 (128).jpg,1
covid/COVID-19 (157).jpg,1
covid/COVID-19 (498).jpg,1
covid/7D2CF6CE-F529-4470-8356-D33FFAF98600.jpeg,1
covid/COVID-19 (604).jpg,1
covid/COVID-19 (865).jpg,1
covid/COVID19(61).jpg,1
covid/COVID19(430).jpg,1
covid/COVID-19 (9).jpg,1
covid/COVID19(138).jpg,1
covid/COVID-19 (401).jpg,1
covid/COVID-19 (193).jpg,1
covid/F4341CE7-73C9-45C6-99C8-8567A5484B63-1068x1020.jpeg,1
covid/COVID19(277).jpg,1
covid/F051E018-DAD1-4506-AD43-BE4CA29E960B-1068x1142.jpeg,1
covid/COVID19(293).jpg,1
covid/COVID-19 (160).jpg,1
covid/COVID-19 (285).jpg,1
covid/COVID-19 (303).jpg,1
covid/COVID-19 (344).jpg,1
covid/COVID19(145).jpg,1
covid/COVID-19 (518).jpg,1
covid/COVID-19 (488).jpg,1
covid/COVID-19 (639).jpg,1
covid/COVID19(209).jpg,1
covid/COVID-19 (710).jpg,1
covid/48B3A812-F0CE-4B35-8A2C-88E5550E81EF-1068x885.jpeg,1
covid/COVID19(526).jpg,1
covid/COVID-19 (192).jpg,1
covid/COVID-19 (33).jpg,1
covid/COVID-19 (31).jpeg,1
covid/COVID-19 (34).jpg,1
covid/COVID19(491).jpg,1
covid/COVID19(351).jpg,1
covid/COVID-19 (116).jpg,1
covid/COVID-19 (121).jpg,1
covid/COVID-19 (207).jpg,1
covid/COVID19(165).jpg,1
covid/COVID-19 (383).jpg,1
covid/COVID19(5).jpg,1
covid/COVID19(31).jpg,1
covid/COVID-19 (617).jpg,1
covid/COVID19(8).jpg,1
covid/COVID-19 (455).jpg,1
covid/COVID19(304).jpg,1
covid/COVID19(392).jpg,1
covid/COVID-19 (184).jpg,1
covid/5A78BCA9-5B7A-440D-8A4E-AE7710EA6EAD-1068x866.jpeg,1
covid/COVID19(78).jpg,1
covid/COVID-19 (27).jpg,1
covid/COVID19(547).jpg,1
covid/COVID19(339).jpg,1
covid/COVID-19 (241).jpg,1
covid/COVID19(265).jpg,1
covid/COVID-19 (297).jpg,1
covid/COVID19(205).jpg,1
covid/COVID19(111).jpg,1
covid/COVID-19 (209).jpg,1
covid/COVID-19 (422).jpg,1
covid/COVID-19 (280).jpg,1
covid/COVID-19 (155).jpg,1
covid/COVID-19 (5).jpeg,1
covid/COVID19(207).jpg,1
covid/COVID19(519).jpg,1
covid/COVID-19 (368).jpg,1
covid/COVID19(550).jpg,1
covid/COVID-19 (2).jpeg,1
covid/COVID-19 (656).jpg,1
covid/COVID-19 (335).jpg,1
covid/COVID19(109).jpg,1
covid/COVID-19 (803).jpg,1
covid/COVID-19 (318).jpg,1
covid/COVID19(9).jpg,1
covid/COVID-19 (158).jpg,1
covid/COVID-19 (576).jpg,1
covid/COVID19(464).jpg,1
covid/COVID19(297).jpg,1
covid/COVID-19 (149).jpg,1
covid/COVID19(355).jpg,1
covid/COVID19(454).jpg,1
covid/COVID19(64).jpg,1
covid/353889E0-A1E8-4F9E-A0B8-F24F36BCFBFB-768x632.jpeg,1
covid/COVID-19 (779).jpg,1
covid/COVID-19 (104).jpg,1
covid/COVID19(70).jpg,1
covid/COVID-19 (147).jpg,1
covid/COVID-19 (229).jpg,1
covid/COVID19(43).jpg,1
covid/COVID19(279).jpg,1
covid/COVID-19 (704).jpg,1
covid/COVID19(2).jpg,1
covid/COVID19(119).jpg,1
covid/COVID19(105).jpg,1
covid/COVID-19 (608).jpg,1
covid/COVID-19 (794).jpg,1
covid/COVID19(161).jpg,1
covid/COVID-19 (833).jpg,1
covid/COVID-19 (457).jpg,1
covid/COVID19(11).jpg,1
covid/COVID-19 (363).jpg,1
covid/COVID-19 (735).jpg,1
covid/COVID-19 (732).jpg,1
covid/COVID-19 (713).jpg,1
covid/COVID19(278).jpg,1
covid/COVID19(273).jpg,1
covid/COVID-19 (353).jpg,1
covid/COVID-19 (172).jpg,1
covid/COVID-19 (88).jpg,1
covid/COVID-19 (511).jpg,1
covid/COVID-19 (674).jpg,1
covid/COVID19(431).jpg,1
covid/COVID-19 (261).jpg,1
covid/COVID-19 (849).jpg,1
covid/COVID-19 (29).jpg,1
covid/COVID19(171).jpg,1
covid/COVID-19 (361).jpg,1
covid/COVID-19 (573).jpg,1
covid/COVID-19 (365).jpg,1
covid/COVID-19 (212).jpg,1
covid/COVID-19 (68).jpg,1
covid/COVID19(394).jpg,1
covid/COVID-19 (489).jpg,1
covid/COVID-19 (239).jpg,1
covid/COVID19(18).jpg,1
covid/COVID19(559).jpg,1
covid/COVID19(163).jpg,1
covid/COVID-19 (96).jpg,1
covid/COVID19(568).jpg,1
covid/COVID-19 (477).jpg,1
covid/COVID19(289).jpg,1
covid/COVID19(338).jpg,1
covid/COVID19(34).jpg,1
covid/COVID-19 (739).jpg,1
covid/COVID19(290).jpg,1
covid/COVID-19 (39).jpg,1
covid/COVID-19 (76).jpg,1
covid/COVID-19 (719).jpg,1
covid/COVID-19 (9).jpeg,1
covid/COVID-19 (531).jpg,1
covid/COVID19(396).jpg,1
covid/COVID-19 (570).jpg,1
covid/COVID-19 (484).jpg,1
covid/COVID-19 (178).jpg,1
covid/COVID19(142).jpg,1
covid/COVID-19 (599).jpg,1
covid/COVID-19 (328).jpg,1
covid/COVID19(311).jpg,1
covid/COVID-19 (459).jpg,1
covid/COVID-19 (357).jpg,1
covid/COVID-19 (692).jpg,1
covid/COVID-19 (829).jpg,1
covid/COVID19(275).jpg,1
covid/COVID-19 (770).jpg,1
covid/COVID19(461).jpg,1
covid/COVID19(214).jpg,1
covid/COVID19(515).jpg,1
covid/COVID-19 (534).jpg,1
covid/COVID-19 (14).jpg,1
covid/COVID19(4).jpg,1
covid/COVID-19 (404).jpg,1
covid/COVID19(378).jpg,1
covid/COVID-19 (86).jpg,1
covid/COVID19(467).jpg,1
covid/COVID19(508).jpg,1
covid/COVID19(503).jpg,1
covid/COVID19(563).jpg,1
covid/COVID19(51).jpg,1
covid/COVID19(488).jpg,1
covid/COVID19(334).jpg,1
covid/COVID19(158).jpg,1
covid/COVID-19 (323).jpg,1
covid/COVID19(369).jpg,1
covid/COVID19(242).jpg,1
covid/COVID-19 (532).jpg,1
covid/COVID-19 (694).jpg,1
covid/COVID-19 (47).jpg,1
covid/COVID-19 (555).jpg,1
covid/COVID-19 (580).jpg,1
covid/COVID-19 (16).jpg,1
covid/COVID-19 (145).jpg,1
covid/2C26F453-AF3B-4517-BB9E-802CF2179543-1068x818.jpeg,1
covid/COVID19(172).jpg,1
covid/53EC07C9-5CC6-4BE4-9B6F-D7B0D72AAA7E.jpeg,1
covid/COVID-19 (465).jpg,1
covid/COVID-19 (707).jpg,1
covid/COVID19(235).jpg,1
covid/COVID-19 (231).jpg,1
covid/COVID-19 (22).jpg,1
covid/COVID19(458).jpg,1
covid/COVID-19 (466).jpg,1
covid/COVID-19 (199).jpg,1
covid/COVID19(115).jpg,1
covid/COVID19(129).jpg,1
covid/COVID-19 (649).jpg,1
covid/COVID19(101).jpg,1
covid/COVID-19 (432).jpg,1
covid/COVID19(185).jpg,1
covid/COVID-19 (439).jpg,1
covid/COVID-19 (676).jpg,1
covid/COVID-19 (853).jpg,1
covid/COVID-19 (754).jpg,1
covid/COVID-19 (535).jpg,1
covid/COVID19(327).jpg,1
covid/COVID-19 (566).jpg,1
covid/COVID19(299).jpg,1
covid/COVID-19 (501).jpg,1
covid/COVID19(479).jpg,1
covid/COVID-19 (793).jpg,1
covid/COVID19(176).jpg,1
covid/COVID-19 (107).jpg,1
covid/COVID-19 (225).jpg,1
covid/COVID19(71).jpg,1
covid/COVID19(480).jpg,1
covid/COVID-19 (166).jpg,1
covid/COVID-19 (255).jpg,1
covid/COVID19(144).jpg,1
covid/COVID19(333).jpg,1
covid/COVID-19 (204).jpg,1
covid/COVID19(561).jpg,1
covid/COVID19(162).jpg,1
covid/COVID19(107).jpg,1
covid/COVID19(300).jpg,1
covid/COVID19(347).jpg,1
covid/COVID-19 (759).jpg,1
covid/COVID19(168).jpg,1
covid/COVID-19 (62).jpg,1
covid/COVID-19 (605).jpg,1
covid/COVID19(253).jpg,1
covid/COVID19(200).jpg,1
covid/COVID-19 (226).jpg,1
covid/COVID19(33).jpg,1
covid/COVID-19 (6).jpeg,1
covid/COVID-19 (823).jpg,1
covid/COVID19(328).jpg,1
covid/COVID-19 (21).jpeg,1
covid/COVID19(266).jpg,1
covid/COVID19(421).jpg,1
covid/COVID19(237).jpg,1
covid/COVID-19 (173).jpg,1
covid/COVID19(27).jpg,1
covid/COVID-19 (862).jpg,1
covid/COVID19(365).jpg,1
covid/COVID19(552).jpg,1
covid/COVID-19 (330).jpg,1
covid/COVID-19 (825).jpg,1
covid/COVID-19 (611).jpg,1
covid/COVID-19 (497).jpg,1
covid/COVID-19 (753).jpg,1
covid/COVID-19 (645).jpg,1
covid/COVID-19 (512).jpg,1
covid/COVID-19 (680).jpg,1
covid/COVID19(233).jpg,1
covid/COVID19(564).jpg,1
covid/COVID19(371).jpg,1
covid/COVID-19 (601).jpg,1
covid/COVID19(450).jpg,1
covid/COVID-19 (98).jpg,1
covid/COVID19(106).jpg,1
covid/COVID-19 (395).jpg,1
covid/COVID19(114).jpg,1
covid/COVID-19 (194).jpg,1
covid/COVID-19 (456).jpg,1
covid/F63AB6CE-1968-4154-A70F-913AF154F53D-768x510.jpeg,1
covid/COVID19(359).jpg,1
covid/COVID-19 (129).jpg,1
covid/COVID19(390).jpg,1
covid/COVID-19 (691).jpg,1
covid/COVID-19 (170).jpg,1
covid/COVID-19 (57).jpg,1
covid/COVID-19 (228).jpg,1
covid/COVID19(535).jpg,1
covid/COVID19(329).jpg,1
covid/COVID19(556).jpg,1
covid/COVID-19 (201).jpg,1
covid/COVID19(100).jpg,1
covid/COVID-19 (54).jpg,1
covid/COVID-19 (690).jpg,1
covid/COVID-19 (737).jpg,1
covid/COVID19(26).jpg,1
covid/COVID-19 (414).jpg,1
covid/COVID19(206).jpg,1
covid/COVID-19 (635).jpg,1
covid/COVID-19 (702).jpg,1
covid/COVID-19 (643).jpg,1
covid/COVID-19 (8).jpeg,1
covid/COVID-19 (424).jpg,1
covid/COVID-19 (765).jpg,1
covid/COVID19(514).jpg,1
covid/COVID19(384).jpg,1
covid/COVID-19 (51).jpg,1
covid/COVID19(456).jpg,1
covid/COVID-19 (499).jpg,1
covid/COVID-19 (552).jpg,1
covid/COVID-19 (830).jpg,1
covid/COVID-19 (855).jpg,1
covid/COVID19(374).jpg,1
covid/COVID-19 (419).jpg,1
covid/COVID-19 (7).jpg,1
covid/COVID19(41).jpg,1
covid/COVID19(186).jpg,1
covid/COVID19(377).jpg,1
covid/COVID19(420).jpg,1
covid/COVID-19 (367).jpg,1
covid/COVID-19 (734).jpg,1
covid/COVID-19 (741).jpg,1
covid/COVID-19 (390).jpg,1
covid/COVID19(159).jpg,1
covid/COVID19(40).jpg,1
covid/COVID-19 (742).jpg,1
covid/COVID-19 (433).jpg,1
covid/COVID-19 (202).jpg,1
covid/COVID19(276).jpg,1
covid/COVID19(404).jpg,1
covid/COVID19(352).jpg,1
covid/COVID-19 (30).jpg,1
covid/COVID-19 (788).jpg,1
covid/COVID19(286).jpg,1
covid/COVID-19 (146).jpg,1
covid/COVID19(473).jpg,1
covid/COVID-19 (416).jpg,1
covid/COVID-19 (562).jpg,1
covid/COVID19(175).jpg,1
covid/COVID-19 (386).jpg,1
covid/COVID-19 (313).jpg,1
covid/COVID19(215).jpg,1
covid/COVID-19 (748).jpg,1
covid/COVID-19 (25).jpg,1
covid/COVID-19 (97).jpg,1
covid/COVID19(35).jpg,1
covid/COVID19(84).jpg,1
covid/COVID19(153).jpg,1
covid/COVID-19 (668).jpg,1
covid/COVID-19 (377).jpg,1
covid/COVID-19 (648).jpg,1
covid/COVID-19 (396).jpg,1
covid/COVID-19 (345).jpg,1
covid/COVID-19 (179).jpg,1
covid/COVID-19 (46).jpg,1
covid/COVID-19 (502).jpg,1
covid/COVID-19 (28).jpg,1
covid/COVID19(39).jpg,1
covid/COVID-19 (856).jpg,1
covid/COVID-19 (671).jpg,1
covid/COVID-19 (863).jpg,1
covid/COVID19(194).jpg,1
covid/COVID-19 (29).jpeg,1
covid/COVID19(498).jpg,1
covid/COVID19(45).jpg,1
covid/COVID-19 (188).jpg,1
covid/COVID-19 (454).jpg,1
covid/COVID19(123).jpg,1
covid/COVID19(442).jpg,1
covid/COVID19(448).jpg,1
covid/COVID19(36).jpg,1
covid/COVID-19 (777).jpg,1
covid/COVID19(335).jpg,1
covid/COVID-19 (210).jpg,1
covid/COVID-19 (487).jpg,1
covid/COVID-19 (527).jpg,1
covid/COVID19(538).jpg,1
covid/COVID-19 (263).jpg,1
covid/COVID-19 (106).jpg,1
covid/COVID-19 (427).jpg,1
covid/COVID19(322).jpg,1
covid/COVID-19 (108).jpg,1
covid/COVID19(283).jpg,1
covid/COVID19(321).jpg,1
covid/COVID-19 (744).jpg,1
covid/COVID-19 (17).jpg,1
covid/COVID-19 (301).jpg,1
covid/COVID-19 (12).jpeg,1
covid/COVID-19 (709).jpg,1
covid/COVID19(288).jpg,1
covid/COVID19(49).jpg,1
covid/COVID-19 (24).jpeg,1
covid/COVID-19 (727).jpg,1
covid/COVID19(376).jpg,1
covid/COVID-19 (596).jpg,1
covid/COVID-19 (227).jpg,1
covid/COVID-19 (218).jpg,1
covid/COVID19(208).jpg,1
covid/COVID-19 (417).jpg,1
covid/COVID19(264).jpg,1
covid/COVID-19 (615).jpg,1
covid/COVID-19 (468).jpg,1
covid/COVID-19 (473).jpg,1
covid/COVID-19 (249).jpg,1
covid/COVID-19 (32).jpeg,1
covid/COVID19(134).jpg,1
covid/COVID-19 (626).jpg,1
covid/COVID19(499).jpg,1
covid/COVID19(449).jpg,1
covid/COVID-19 (703).jpg,1
covid/COVID19(76).jpg,1
covid/COVID-19 (623).jpg,1
covid/COVID19(232).jpg,1
covid/COVID19(124).jpg,1
covid/COVID-19 (339).jpg,1
covid/COVID19(500).jpg,1
covid/COVID19(132).jpg,1
covid/COVID-19 (805).jpg,1
covid/COVID19(435).jpg,1
covid/COVID19(523).jpg,1
covid/COVID19(226).jpg,1
covid/COVID19(481).jpg,1
covid/COVID19(104).jpg,1
covid/COVID-19 (723).jpg,1
covid/COVID-19 (478).jpg,1
covid/COVID19(267).jpg,1
covid/COVID-19 (314).jpg,1
covid/COVID-19 (481).jpg,1
covid/COVID-19 (58).jpg,1
covid/COVID19(320).jpg,1
covid/COVID19(259).jpg,1
covid/COVID-19 (132).jpg,1
covid/COVID-19 (45).jpg,1
covid/COVID-19 (283).jpg,1
covid/COVID-19 (872).jpg,1
covid/COVID19(274).jpg,1
covid/COVID-19 (430).jpg,1
covid/COVID19(197).jpg,1
covid/F2DE909F-E19C-4900-92F5-8F435B031AC6.jpeg,1
covid/B2D20576-00B7-4519-A415-72DE29C90C34-768x719.jpeg,1
covid/COVID19(545).jpg,1
covid/COVID-19 (659).jpg,1
covid/COVID-19 (182).jpg,1
covid/COVID-19 (697).jpg,1
covid/COVID19(255).jpg,1
covid/COVID-19 (2).jpg,1
covid/COVID-19 (12).jpg,1
covid/COVID-19 (436).jpg,1
covid/COVID-19 (221).jpg,1
covid/COVID19(241).jpg,1
covid/COVID-19 (252).jpg,1
covid/COVID-19 (264).jpg,1
covid/COVID19(445).jpg,1
covid/COVID-19 (843).jpg,1
covid/COVID-19 (567).jpg,1
covid/COVID-19 (331).jpg,1
covid/COVID-19 (522).jpg,1
covid/COVID-19 (310).jpg,1
covid/COVID-19 (544).jpg,1
covid/COVID-19 (308).jpg,1
covid/COVID19(154).jpg,1
covid/COVID-19 (774).jpg,1
covid/COVID19(527).jpg,1
covid/COVID-19 (875).jpg,1
covid/COVID-19 (450).jpg,1
covid/COVID-19 (87).jpg,1
covid/COVID-19 (364).jpg,1
covid/COVID-19 (293).jpg,1
covid/COVID-19 (662).jpg,1
covid/COVID19(99).jpg,1
covid/COVID19(407).jpg,1
covid/COVID-19 (326).jpg,1
covid/COVID-19 (832).jpg,1
covid/COVID-19 (509).jpg,1
covid/COVID-19 (259).jpg,1
covid/COVID19(38).jpg,1
covid/COVID-19 (490).jpg,1
covid/COVID19(16).jpg,1
covid/COVID-19 (256).jpg,1
covid/COVID-19 (743).jpg,1
covid/COVID-19 (213).jpg,1
covid/COVID19(218).jpg,1
covid/COVID19(292).jpg,1
covid/COVID-19 (519).jpg,1
covid/COVID19(441).jpg,1
covid/COVID-19 (270).jpg,1
covid/COVID19(81).jpg,1
covid/COVID-19 (651).jpg,1
covid/COVID-19 (83).jpg,1
covid/COVID-19 (56).jpg,1
covid/COVID-19 (547).jpg,1
covid/COVID-19 (115).jpg,1
covid/COVID-19 (746).jpg,1
covid/COVID19(402).jpg,1
covid/COVID19(434).jpg,1
covid/COVID-19 (846).jpg,1
covid/COVID19(408).jpg,1
covid/COVID19(424).jpg,1
covid/COVID19(505).jpg,1
covid/COVID19(537).jpg,1
covid/COVID19(494).jpg,1
covid/COVID19(330).jpg,1
covid/COVID19(284).jpg,1
covid/COVID-19 (520).jpg,1
covid/COVID19(55).jpg,1
covid/COVID-19 (257).jpg,1
covid/COVID-19 (324).jpg,1
covid/COVID-19 (31).jpg,1
covid/COVID19(117).jpg,1
covid/COVID-19 (295).jpg,1
covid/COVID-19 (577).jpg,1
covid/COVID-19 (802).jpg,1
covid/COVID19(471).jpg,1
covid/COVID19(180).jpg,1
covid/COVID-19 (40).jpg,1
covid/COVID19(383).jpg,1
covid/COVID19(478).jpg,1
covid/85E52EB3-56E9-4D67-82DA-DEA247C82886-1068x874.jpeg,1
covid/COVID-19 (94).jpg,1
covid/COVID19(56).jpg,1
covid/COVID-19 (66).jpg,1
covid/COVID-19 (533).jpg,1
covid/COVID19(6).jpg,1
covid/COVID19(181).jpg,1
covid/COVID19(487).jpg,1
covid/COVID-19 (388).jpg,1
covid/COVID-19 (300).jpg,1
covid/COVID-19 (715).jpg,1
covid/COVID19(465).jpg,1
covid/COVID-19 (387).jpg,1
covid/COVID-19 (579).jpg,1
covid/COVID-19 (641).jpg,1
covid/COVID-19 (277).jpg,1
covid/COVID-19 (161).jpg,1
covid/COVID-19 (796).jpg,1
covid/COVID-19 (514).jpg,1
covid/COVID-19 (622).jpg,1
covid/COVID-19 (799).jpg,1
covid/COVID-19 (294).jpg,1
covid/COVID-19 (847).jpg,1
covid/COVID19(42).jpg,1
covid/COVID-19 (136).jpg,1
covid/COVID19(360).jpg,1
covid/COVID-19 (850).jpg,1
covid/COVID-19 (4).jpeg,1
covid/COVID19(332).jpg,1
covid/COVID19(224).jpg,1
covid/COVID-19 (190).jpg,1
covid/COVID-19 (113).jpg,1
covid/COVID19(393).jpg,1
covid/COVID19(7).jpg,1
covid/COVID-19 (504).jpg,1
covid/COVID19(90).jpg,1
covid/COVID-19 (302).jpg,1
covid/COVID-19 (526).jpg,1
covid/COVID-19 (354).jpg,1
covid/COVID19(201).jpg,1
covid/COVID-19 (118).jpg,1
covid/COVID-19 (873).jpg,1
covid/COVID-19 (560).jpg,1
covid/COVID-19 (375).jpg,1
covid/COVID-19 (854).jpg,1
covid/COVID-19 (506).jpg,1
covid/COVID-19 (384).jpg,1
covid/COVID19(540).jpg,1
covid/COVID-19 (557).jpg,1
covid/COVID-19 (493).jpg,1
covid/COVID19(296).jpg,1
covid/COVID19(497).jpg,1
covid/COVID-19 (175).jpg,1
covid/COVID-19 (766).jpg,1
covid/COVID-19 (444).jpg,1
covid/COVID19(188).jpg,1
covid/COVID19(22).jpg,1
covid/COVID19(492).jpg,1
covid/COVID-19 (358).jpg,1
covid/COVID-19 (458).jpg,1
covid/COVID-19 (374).jpg,1
covid/COVID19(247).jpg,1
covid/COVID-19 (41).jpg,1
covid/COVID-19 (588).jpg,1
covid/COVID-19 (871).jpg,1
covid/COVID-19 (870).jpg,1
covid/COVID-19 (687).jpg,1
covid/COVID-19 (329).jpg,1
covid/COVID-19 (410).jpg,1
covid/COVID-19 (857).jpg,1
covid/COVID-19 (775).jpg,1
covid/COVID19(457).jpg,1
covid/COVID-19 (281).jpg,1
covid/COVID-19 (610).jpg,1
covid/COVID19(94).jpg,1
covid/COVID19(136).jpg,1
covid/COVID-19 (85).jpg,1
covid/COVID19(315).jpg,1
covid/COVID19(227).jpg,1
covid/COVID19(397).jpg,1
covid/COVID-19 (356).jpg,1
covid/COVID-19 (423).jpg,1
covid/446B2CB6-B572-40AB-B01F-1910CA07086A-1068x875.jpeg,1
covid/COVID-19 (319).jpg,1
covid/COVID-19 (248).jpg,1
covid/COVID19(324).jpg,1
covid/COVID-19 (587).jpg,1
covid/COVID-19 (236).jpg,1
covid/COVID-19 (198).jpg,1
covid/COVID-19 (438).jpg,1
covid/COVID-19 (638).jpg,1
covid/COVID-19 (89).jpg,1
covid/COVID19(80).jpg,1
covid/COVID19(353).jpg,1
covid/COVID-19 (806).jpg,1
covid/COVID-19 (156).jpg,1
covid/COVID19(98).jpg,1
covid/COVID-19 (240).jpg,1
covid/COVID-19 (50).jpg,1
covid/COVID-19 (720).jpg,1
covid/COVID-19 (103).jpg,1
covid/COVID19(139).jpg,1
covid/COVID-19 (495).jpg,1
covid/COVID19(183).jpg,1
covid/COVID19(149).jpg,1
covid/COVID19(531).jpg,1
covid/COVID-19 (125).jpg,1
covid/COVID-19 (718).jpg,1
covid/COVID-19 (568).jpg,1
covid/COVID-19 (606).jpg,1
covid/COVID19(403).jpg,1
covid/COVID19(77).jpg,1
covid/COVID-19 (43).jpg,1
covid/COVID-19 (69).jpg,1
covid/COVID-19 (664).jpg,1
covid/COVID-19 (541).jpg,1
covid/COVID19(137).jpg,1
covid/COVID-19 (469).jpg,1
covid/COVID19(570).jpg,1
covid/COVID-19 (1).jpg,1
covid/COVID-19 (859).jpg,1
covid/COVID19(62).jpg,1
covid/COVID-19 (844).jpg,1
covid/COVID-19 (609).jpg,1
covid/COVID-19 (705).jpg,1
covid/COVID19(234).jpg,1
covid/COVID-19 (262).jpg,1
covid/COVID19(121).jpg,1
covid/COVID-19 (558).jpg,1
covid/COVID-19 (426).jpg,1
covid/COVID19(79).jpg,1
covid/COVID19(400).jpg,1
covid/COVID19(425).jpg,1
covid/COVID19(305).jpg,1
covid/COVID-19 (250).jpg,1
covid/COVID-19 (206).jpg,1
covid/COVID-19 (153).jpg,1
covid/7C69C012-7479-493F-8722-ABC29C60A2DD-1068x1063.jpeg,1
covid/COVID-19 (74).jpg,1
covid/COVID19(345).jpg,1
covid/COVID-19 (191).jpg,1
covid/COVID19(399).jpg,1
covid/COVID-19 (286).jpg,1
covid/COVID-19 (350).jpg,1
covid/COVID19(416).jpg,1
covid/COVID-19 (529).jpg,1
covid/COVID-19 (696).jpg,1
covid/COVID-19 (397).jpg,1
covid/COVID-19 (134).jpg,1
covid/COVID19(52).jpg,1
covid/COVID19(187).jpg,1
covid/COVID-19 (415).jpg,1
covid/COVID-19 (81).jpg,1
covid/COVID-19 (90).jpg,1
covid/COVID19(92).jpg,1
covid/COVID19(15).jpg,1
covid/COVID19(373).jpg,1
covid/COVID-19 (507).jpg,1
covid/COVID19(410).jpg,1
covid/COVID-19 (320).jpg,1
covid/COVID-19 (35).jpg,1
covid/COVID19(238).jpg,1
covid/COVID19(518).jpg,1
covid/COVID19(452).jpg,1
covid/COVID-19 (139).jpg,1
covid/COVID-19 (352).jpg,1
covid/COVID-19 (214).jpg,1
covid/COVID-19 (551).jpg,1
covid/COVID-19 (2).png,1
covid/COVID19(69).jpg,1
covid/COVID-19 (706).jpg,1
covid/COVID19(506).jpg,1
covid/COVID-19 (836).jpg,1
covid/COVID19(210).jpg,1
covid/COVID19(272).jpg,1
covid/COVID19(143).jpg,1
covid/COVID19(528).jpg,1
covid/COVID-19 (471).jpg,1
covid/COVID-19 (837).jpg,1
covid/COVID-19 (813).jpg,1
covid/COVID-19 (101).jpg,1
covid/COVID19(440).jpg,1
covid/COVID19(573).jpg,1
covid/COVID-19 (460).jpg,1
covid/COVID19(13).jpg,1
covid/COVID-19 (19).jpg,1
covid/COVID-19 (337).jpg,1
covid/COVID19(541).jpg,1
covid/COVID-19 (663).jpg,1
covid/COVID-19 (291).jpg,1
covid/COVID19(74).jpg,1
covid/COVID-19 (84).jpg,1
covid/COVID-19 (215).jpg,1
covid/COVID-19 (245).jpg,1
covid/COVID19(517).jpg,1
covid/COVID19(469).jpg,1
covid/COVID19(24).jpg,1
covid/COVID-19 (583).jpg,1
covid/COVID-19 (73).jpg,1
covid/COVID-19 (563).jpg,1
covid/COVID-19 (728).jpg,1
covid/0C7E78DA-FAFC-480D-88B6-1459C51481AF-1068x817.jpeg,1
covid/COVID-19 (366).jpg,1
covid/COVID-19 (208).jpg,1
covid/COVID19(562).jpg,1
covid/COVID19(569).jpg,1
covid/COVID-19 (254).jpg,1
covid/COVID-19 (186).jpg,1
covid/COVID19(157).jpg,1
covid/COVID-19 (783).jpg,1
covid/COVID-19 (304).jpg,1
covid/COVID19(361).jpg,1
covid/COVID-19 (523).jpg,1
covid/COVID19(436).jpg,1
covid/COVID-19 (653).jpg,1
covid/COVID-19 (148).jpg,1
covid/COVID-19 (795).jpg,1
covid/COVID-19 (867).jpg,1
covid/COVID19(489).jpg,1
covid/COVID-19 (150).jpg,1
covid/COVID-19 (30).jpeg,1
covid/COVID19(285).jpg,1
covid/COVID19(470).jpg,1
covid/COVID19(337).jpg,1
covid/COVID19(530).jpg,1
covid/COVID-19 (143).jpg,1
covid/COVID19(122).jpg,1
covid/COVID-19 (708).jpg,1
covid/COVID-19 (652).jpg,1
covid/COVID-19 (546).jpg,1
covid/COVID19(554).jpg,1
covid/COVID19(291).jpg,1
covid/COVID-19 (53).jpg,1
covid/COVID19(268).jpg,1
covid/COVID-19 (408).jpg,1
covid/COVID19(141).jpg,1
covid/COVID-19 (126).jpg,1
covid/COVID19(524).jpg,1
covid/COVID19(127).jpg,1
covid/COVID-19 (500).jpg,1
covid/COVID19(248).jpg,1
covid/COVID-19 (224).jpg,1
covid/COVID-19 (582).jpg,1
covid/COVID19(553).jpg,1
covid/COVID-19 (528).jpg,1
covid/COVID19(252).jpg,1
covid/COVID19(219).jpg,1
covid/COVID-19 (807).jpg,1
covid/COVID19(459).jpg,1
covid/COVID-19 (349).jpg,1
covid/COVID-19 (235).jpg,1
covid/COVID19(148).jpg,1
covid/COVID19(532).jpg,1
covid/COVID-19 (119).jpg,1
covid/COVID-19 (730).jpg,1
covid/COVID-19 (517).jpg,1
covid/COVID-19 (716).jpg,1
covid/COVID-19 (37).jpg,1
covid/COVID-19 (634).jpg,1
covid/COVID-19 (380).jpg,1
covid/COVID-19 (164).jpg,1
covid/COVID19(574).jpg,1
covid/COVID-19 (559).jpg,1
covid/COVID-19 (607).jpg,1
covid/COVID-19 (683).jpg,1
covid/COVID-19 (315).jpg,1
covid/COVID-19 (71).jpg,1
covid/COVID-19 (612).jpg,1
covid/COVID19(130).jpg,1
covid/COVID-19 (371).jpg,1
covid/COVID-19 (724).jpg,1
covid/COVID19(118).jpg,1
covid/COVID-19 (296).jpg,1
covid/COVID-19 (169).jpg,1
covid/COVID-19 (266).jpg,1
covid/COVID-19 (620).jpg,1
covid/COVID19(364).jpg,1
covid/COVID-19 (142).jpg,1
covid/COVID19(543).jpg,1
covid/COVID19(280).jpg,1
covid/COVID19(32).jpg,1
covid/COVID19(313).jpg,1
covid/COVID19(382).jpg,1
covid/COVID-19 (792).jpg,1
covid/COVID-19 (834).jpg,1
covid/COVID19(50).jpg,1
covid/COVID19(231).jpg,1
covid/COVID19(472).jpg,1
covid/COVID19(486).jpg,1
covid/COVID-19 (543).jpg,1
covid/D7AF463C-2369-492D-908D-BE1911CCD74C.jpeg,1
covid/COVID-19 (242).jpg,1
covid/COVID-19 (67).jpg,1
covid/COVID-19 (382).jpg,1
covid/COVID-19 (437).jpg,1
covid/COVID19(298).jpg,1
covid/COVID19(446).jpg,1
covid/COVID19(367).jpg,1
covid/COVID19(385).jpg,1
covid/COVID19(30).jpg,1
covid/COVID19(558).jpg,1
covid/COVID19(230).jpg,1
covid/COVID-19 (171).jpg,1
covid/COVID19(269).jpg,1
covid/COVID-19 (619).jpg,1
covid/COVID-19 (91).jpg,1
covid/COVID19(262).jpg,1
covid/COVID19(555).jpg,1
covid/COVID-19 (581).jpg,1
covid/COVID19(95).jpg,1
covid/COVID-19 (762).jpg,1
covid/COVID19(476).jpg,1
covid/COVID-19 (585).jpg,1
covid/COVID19(155).jpg,1
covid/COVID-19 (82).jpg,1
covid/COVID19(413).jpg,1
covid/COVID-19 (479).jpg,1
covid/COVID-19 (736).jpg,1
covid/COVID19(228).jpg,1
covid/COVID19(366).jpg,1
covid/COVID-19 (516).jpg,1
covid/COVID19(331).jpg,1
covid/COVID-19 (565).jpg,1
covid/COVID-19 (92).jpg,1
covid/COVID-19 (590).jpg,1
covid/COVID19(140).jpg,1
covid/COVID-19 (159).jpg,1
covid/COVID-19 (682).jpg,1
covid/COVID-19 (151).jpg,1
covid/COVID-19 (258).jpg,1
covid/COVID-19 (695).jpg,1
covid/COVID-19 (420).jpg,1
covid/COVID-19 (521).jpg,1
covid/COVID-19 (421).jpg,1
covid/COVID19(483).jpg,1
covid/COVID19(307).jpg,1
covid/COVID19(438).jpg,1
covid/COVID19(102).jpg,1
covid/COVID-19 (756).jpg,1
covid/COVID19(357).jpg,1
covid/COVID-19 (747).jpg,1
covid/COVID-19 (306).jpg,1
covid/COVID19(223).jpg,1
covid/COVID-19 (219).jpg,1
covid/COVID-19 (341).jpg,1
covid/COVID-19 (152).jpg,1
covid/1F6343EE-AFEC-4B7D-97F5-62797EE18767-1068x1064.jpeg,1
covid/COVID19(169).jpg,1
covid/COVID19(566).jpg,1
covid/COVID19(23).jpg,1
covid/COVID-19 (282).jpg,1
covid/COVID-19 (722).jpg,1
covid/COVID-19 (828).jpg,1
covid/COVID19(59).jpg,1
covid/COVID19(54).jpg,1
covid/COVID19(516).jpg,1
covid/COVID-19 (575).jpg,1
covid/COVID-19 (787).jpg,1
covid/COVID19(190).jpg,1
covid/COVID-19 (17).jpeg,1
covid/COVID-19 (474).jpg,1
covid/COVID-19 (845).jpg,1
covid/COVID-19 (824).jpg,1
covid/5CBC2E94-D358-401E-8928-965CCD965C5C-768x633.jpeg,1
covid/COVID-19 (569).jpg,1
covid/COVID-19 (860).jpg,1
covid/COVID19(427).jpg,1
covid/COVID-19 (781).jpg,1
covid/COVID19(484).jpg,1
covid/COVID-19 (815).jpg,1
covid/COVID-19 (355).jpg,1
covid/COVID19(501).jpg,1
covid/COVID-19 (165).jpg,1
covid/COVID-19 (407).jpg,1
covid/COVID-19 (20).jpeg,1
covid/COVID-19 (698).jpg,1
covid/COVID-19 (412).jpg,1
covid/COVID-19 (621).jpg,1
covid/COVID-19 (840).jpg,1
covid/COVID-19 (822).jpg,1
covid/COVID19(423).jpg,1
covid/COVID19(455).jpg,1
covid/COVID19(225).jpg,1
covid/COVID-19 (317).jpg,1
covid/COVID19(67).jpg,1
covid/COVID-19 (14).jpeg,1
covid/COVID-19 (24).jpg,1
covid/COVID19(89).jpg,1
covid/1312A392-67A3-4EBF-9319-810CF6DA5EF6-1068x1086.jpeg,1
covid/COVID-19 (275).jpg,1
covid/COVID19(0).jpg,1
covid/COVID19(270).jpg,1
covid/COVID19(177).jpg,1
covid/COVID-19 (550).jpg,1
covid/COVID-19 (425).jpg,1
covid/COVID-19 (402).jpg,1
covid/COVID-19 (810).jpg,1
covid/COVID-19 (340).jpg,1
covid/COVID-19 (797).jpg,1
covid/COVID19(3).jpg,1
covid/COVID19(53).jpg,1
covid/COVID19(179).jpg,1
covid/COVID-19 (359).jpg,1
covid/COVID19(152).jpg,1
covid/COVID19(113).jpg,1
covid/COVID19(560).jpg,1
covid/COVID19(112).jpg,1
covid/COVID-19 (181).jpg,1
covid/COVID19(131).jpg,1
covid/COVID-19 (133).jpg,1
covid/COVID-19 (874).jpg,1
covid/COVID-19 (780).jpg,1
covid/COVID-19 (600).jpg,1
covid/COVID-19 (75).jpg,1
covid/COVID19(257).jpg,1
covid/COVID19(549).jpg,1
covid/COVID-19 (629).jpg,1
covid/COVID19(502).jpg,1
covid/COVID19(167).jpg,1
covid/COVID-19 (572).jpg,1
covid/COVID-19 (831).jpg,1
covid/COVID19(96).jpg,1
covid/COVID-19 (636).jpg,1
covid/COVID-19 (122).jpg,1
covid/COVID-19 (681).jpg,1
covid/COVID-19 (38).jpg,1
covid/COVID19(575).jpg,1
covid/COVID-19 (760).jpg,1
covid/COVID19(47).jpg,1
covid/COVID-19 (251).jpg,1
covid/COVID-19 (429).jpg,1
covid/COVID-19 (346).jpg,1
covid/COVID-19 (279).jpg,1
covid/COVID19(542).jpg,1
covid/COVID-19 (13).jpg,1
covid/COVID-19 (200).jpg,1
covid/COVID-19 (717).jpg,1
covid/COVID19(17).jpg,1
covid/COVID19(571).jpg,1
covid/COVID-19 (140).jpg,1
covid/COVID-19 (751).jpg,1
covid/COVID-19 (435).jpg,1
covid/7AF6C1AF-D249-4BD2-8C26-449304105D03-1068x881.jpeg,1
covid/COVID-19 (154).jpg,1
covid/COVID-19 (44).jpg,1
covid/COVID-19 (288).jpg,1
covid/COVID19(48).jpg,1
covid/39EE8E69-5801-48DE-B6E3-BE7D1BCF3092-1068x892.jpeg,1
covid/COVID-19 (592).jpg,1
covid/COVID-19 (571).jpg,1
covid/COVID19(415).jpg,1
covid/COVID-19 (861).jpg,1
covid/COVID19(249).jpg,1
covid/COVID-19 (740).jpg,1
covid/COVID-19 (515).jpg,1
covid/COVID-19 (110).jpg,1
covid/1B734A89-A1BF-49A8-A1D3-66FAFA4FAC5D-768x635.jpeg,1
covid/COVID-19 (70).jpg,1
covid/COVID19(309).jpg,1
covid/COVID-19 (782).jpg,1
covid/COVID19(126).jpg,1
covid/7EF28E12-F628-4BEC-A8C5-E6277C2E4F60.png,1
covid/COVID19(174).jpg,1
covid/COVID-19 (321).jpg,1
covid/COVID-19 (399).jpg,1
covid/COVID-19 (591).jpg,1
covid/COVID19(496).jpg,1
covid/COVID-19 (23).jpeg,1
covid/COVID-19 (767).jpg,1
covid/COVID-19 (100).jpg,1
covid/COVID19(258).jpg,1
covid/COVID19(14).jpg,1
covid/COVID19(191).jpg,1
covid/COVID19(256).jpg,1
covid/COVID-19 (603).jpg,1
covid/COVID-19 (848).jpg,1
covid/COVID-19 (269).jpg,1
covid/COVID-19 (332).jpg,1
covid/COVID-19 (589).jpg,1
covid/COVID-19 (472).jpg,1
covid/COVID-19 (411).jpg,1
covid/COVID-19 (1).png,1
covid/COVID-19 (217).jpg,1
covid/COVID-19 (647).jpg,1
covid/COVID-19 (15).jpeg,1
covid/COVID-19 (79).jpg,1
covid/COVID-19 (749).jpg,1
covid/COVID-19 (102).jpg,1
covid/COVID19(344).jpg,1
covid/COVID-19 (162).jpg,1
covid/COVID-19 (763).jpg,1
covid/COVID19(512).jpg,1
covid/COVID-19 (278).jpg,1
covid/COVID19(245).jpg,1
covid/COVID19(57).jpg,1
covid/COVID-19 (761).jpg,1
covid/COVID19(319).jpg,1
covid/COVID-19 (449).jpg,1
covid/COVID19(216).jpg,1
covid/COVID-19 (554).jpg,1
covid/COVID-19 (672).jpg,1
covid/COVID-19 (729).jpg,1
covid/COVID-19 (32).jpg,1
covid/COVID19(391).jpg,1
covid/COVID-19 (55).jpg,1
covid/2966893D-5DDF-4B68-9E2B-4979D5956C8E.jpeg,1
covid/COVID19(220).jpg,1
covid/7E335538-2F86-424E-A0AB-6397783A38D0-768x623.jpeg,1
covid/COVID-19 (112).jpg,1
covid/COVID-19 (15).jpg,1
covid/COVID-19 (816).jpg,1
covid/COVID-19 (21).jpg,1
covid/COVID-19 (127).jpg,1
covid/COVID19(287).jpg,1
covid/COVID19(19).jpg,1
covid/COVID-19 (163).jpg,1
covid/COVID-19 (452).jpg,1
covid/COVID19(368).jpg,1
covid/COVID19(184).jpg,1
covid/COVID-19 (23).jpg,1
covid/COVID19(536).jpg,1
covid/COVID-19 (398).jpg,1
covid/COVID-19 (693).jpg,1
covid/COVID19(146).jpg,1
covid/COVID19(178).jpg,1
covid/COVID-19 (752).jpg,1
covid/COVID19(432).jpg,1
covid/COVID-19 (4).jpg,1
covid/COVID19(261).jpg,1
covid/7E4C26C2-7DA8-4E03-802F-33463E71122A-1068x805.jpeg,1
covid/COVID19(229).jpg,1
covid/COVID-19 (791).jpg,1
covid/COVID-19 (597).jpg,1
covid/COVID19(21).jpg,1
covid/COVID19(306).jpg,1
covid/COVID-19 (661).jpg,1
covid/COVID19(189).jpg,1
covid/COVID-19 (389).jpg,1
covid/COVID19(417).jpg,1
covid/COVID-19 (808).jpg,1
covid/COVID-19 (431).jpg,1
covid/COVID-19 (851).jpg,1
covid/COVID-19 (463).jpg,1
covid/COVID-19 (496).jpg,1
covid/COVID19(37).jpg,1
covid/COVID-19 (667).jpg,1
covid/COVID19(86).jpg,1
covid/RX-torace-a-letto-del-paziente-in-unica-proiezione-AP-1-1.jpeg,1
covid/COVID19(239).jpg,1
covid/COVID-19 (5).jpg,1
covid/COVID-19 (642).jpg,1
covid/COVID-19 (688).jpg,1
covid/COVID-19 (631).jpg,1
covid/COVID19(358).jpg,1
covid/COVID19(477).jpg,1
covid/COVID-19 (174).jpg,1
covid/COVID-19 (49).jpg,1
covid/COVID19(260).jpg,1
covid/COVID-19 (876).jpg,1
covid/COVID19(147).jpg,1
covid/COVID-19 (445).jpg,1
covid/134895D3-77B8-4546-B7E5-C7DABD600309-1068x911.jpeg,1
covid/COVID-19 (811).jpg,1
covid/COVID-19 (868).jpg,1
covid/COVID19(314).jpg,1
covid/COVID19(199).jpg,1
covid/COVID19(398).jpg,1
covid/COVID19(572).jpg,1
covid/COVID19(507).jpg,1
covid/COVID-19 (462).jpg,1
covid/COVID-19 (564).jpg,1
covid/COVID-19 (757).jpg,1
covid/COVID19(346).jpg,1
covid/COVID-19 (271).jpg,1
covid/COVID19(419).jpg,1
covid/COVID-19 (376).jpg,1
covid/COVID19(213).jpg,1
covid/COVID-19 (492).jpg,1
covid/COVID-19 (400).jpg,1
covid/COVID19(474).jpg,1
covid/COVID19(513).jpg,1
covid/COVID19(539).jpg,1
covid/COVID-19 (347).jpg,1
covid/COVID-19 (334).jpg,1
covid/COVID-19 (536).jpg,1
covid/COVID-19 (819).jpg,1
covid/COVID19(240).jpg,1
covid/COVID19(250).jpg,1
covid/COVID19(65).jpg,1
covid/COVID19(97).jpg,1
covid/COVID19(302).jpg,1
covid/COVID-19 (299).jpg,1
covid/COVID19(203).jpg,1
covid/COVID19(414).jpg,1
covid/COVID19(395).jpg,1
covid/COVID-19 (679).jpg,1
covid/COVID-19 (700).jpg,1
covid/COVID-19 (785).jpg,1
covid/COVID-19 (124).jpg,1
covid/COVID-19 (343).jpg,1
covid/COVID-19 (36).jpg,1
covid/COVID19(12).jpg,1
covid/COVID19(87).jpg,1
covid/COVID-19 (553).jpg,1
covid/COVID-19 (16).jpeg,1
covid/COVID-19 (274).jpg,1
covid/COVID-19 (8).jpg,1
covid/COVID-19 (789).jpg,1
covid/COVID-19 (640).jpg,1
covid/COVID19(372).jpg,1
covid/COVID-19 (602).jpg,1
covid/COVID19(85).jpg,1
covid/COVID19(212).jpg,1
covid/COVID-19 (267).jpg,1
covid/COVID19(447).jpg,1
covid/COVID-19 (7).jpeg,1
covid/COVID19(1).jpg,1
covid/COVID19(301).jpg,1
covid/COVID-19 (370).jpg,1
covid/COVID19(91).jpg,1
covid/COVID-19 (633).jpg,1
covid/COVID-19 (586).jpg,1
covid/COVID19(83).jpg,1
covid/COVID-19 (428).jpg,1
covid/COVID-19 (253).jpg,1
covid/COVID-19 (26).jpeg,1
covid/COVID19(170).jpg,1
covid/COVID-19 (13).jpeg,1
covid/COVID-19 (755).jpg,1
covid/COVID-19 (130).jpg,1
covid/COVID-19 (750).jpg,1
covid/COVID19(135).jpg,1
covid/COVID-19 (77).jpg,1
covid/COVID-19 (632).jpg,1
covid/COVID-19 (131).jpg,1
covid/COVID-19 (561).jpg,1
covid/COVID-19 (394).jpg,1
covid/COVID-19 (109).jpg,1
covid/COVID-19 (827).jpg,1
covid/COVID19(475).jpg,1
covid/COVID-19 (196).jpg,1
covid/COVID-19 (821).jpg,1
covid/COVID-19 (292).jpg,1
covid/COVID19(303).jpg,1
covid/COVID-19 (268).jpg,1
covid/COVID19(341).jpg,1
covid/COVID-19 (222).jpg,1
covid/COVID-19 (461).jpg,1
covid/COVID-19 (731).jpg,1
covid/COVID-19 (183).jpg,1
covid/COVID19(10).jpg,1
covid/COVID-19 (494).jpg,1
covid/COVID19(567).jpg,1
covid/COVID-19 (135).jpg,1
covid/COVID-19 (243).jpg,1
covid/COVID19(222).jpg,1
covid/COVID-19 (820).jpg,1
covid/COVID19(133).jpg,1
covid/COVID-19 (405).jpg,1
covid/COVID-19 (273).jpg,1
covid/COVID19(381).jpg,1
covid/COVID19(263).jpg,1
covid/COVID19(546).jpg,1
covid/COVID19(294).jpg,1
covid/COVID-19 (852).jpg,1
covid/COVID-19 (305).jpg,1
covid/COVID19(565).jpg,1
covid/COVID-19 (446).jpg,1
covid/COVID19(63).jpg,1
covid/COVID-19 (482).jpg,1
covid/COVID19(182).jpg,1
covid/COVID-19 (699).jpg,1
covid/COVID-19 (18).jpeg,1
covid/COVID-19 (247).jpg,1
covid/COVID-19 (701).jpg,1
covid/COVID19(244).jpg,1
covid/COVID-19 (814).jpg,1
covid/COVID-19 (360).jpg,1
covid/COVID-19 (637).jpg,1
covid/COVID19(444).jpg,1
covid/COVID19(340).jpg,1
covid/COVID-19 (123).jpg,1
covid/COVID19(405).jpg,1
covid/COVID-19 (712).jpg,1
covid/COVID19(350).jpg,1
covid/COVID19(221).jpg,1
covid/COVID19(429).jpg,1
covid/COVID-19 (333).jpg,1
covid/COVID-19 (530).jpg,1
covid/COVID-19 (348).jpg,1
covid/COVID19(108).jpg,1
covid/COVID19(468).jpg,1
covid/COVID-19 (65).jpg,1
covid/COVID19(388).jpg,1
covid/COVID19(316).jpg,1
covid/COVID-19 (351).jpg,1
covid/COVID-19 (187).jpg,1
covid/COVID-19 (230).jpg,1
covid/COVID-19 (800).jpg,1
covid/COVID19(401).jpg,1
covid/COVID-19 (61).jpg,1
covid/COVID-19 (549).jpg,1
covid/COVID-19 (6).jpg,1
covid/COVID-19 (593).jpg,1
covid/COVID-19 (678).jpg,1
covid/COVID-19 (778).jpg,1
covid/COVID-19 (556).jpg,1
covid/COVID19(451).jpg,1
covid/COVID-19 (480).jpg,1
covid/COVID19(363).jpg,1
covid/COVID19(521).jpg,1
covid/COVID-19 (20).jpg,1
covid/COVID-19 (234).jpg,1
covid/COVID-19 (758).jpg,1
covid/COVID19(493).jpg,1
covid/COVID19(510).jpg,1
covid/COVID-19 (624).jpg,1
covid/COVID-19 (309).jpg,1
covid/COVID-19 (27).jpeg,1
covid/COVID19(193).jpg,1
covid/COVID19(544).jpg,1
covid/COVID19(453).jpg,1
covid/COVID19(66).jpg,1
covid/COVID19(520).jpg,1
covid/COVID19(370).jpg,1
covid/COVID-19 (486).jpg,1
covid/COVID-19 (726).jpg,1
covid/COVID-19 (72).jpg,1
covid/COVID-19 (265).jpg,1
covid/COVID19(380).jpg,1
covid/COVID-19 (10).jpeg,1
covid/COVID19(495).jpg,1
covid/COVID-19 (826).jpg,1
covid/COVID-19 (689).jpg,1
covid/COVID-19 (654).jpg,1
covid/COVID19(428).jpg,1
covid/COVID-19 (665).jpg,1
covid/COVID19(310).jpg,1
covid/COVID-19 (99).jpg,1
covid/COVID-19 (232).jpg,1
covid/COVID19(116).jpg,1
covid/COVID19(25).jpg,1
covid/COVID-19 (3).jpg,1
covid/COVID-19 (475).jpg,1
covid/COVID19(73).jpg,1
covid/COVID19(406).jpg,1
covid/COVID19(271).jpg,1
covid/COVID-19 (658).jpg,1
covid/COVID-19 (443).jpg,1
covid/COVID-19 (878).jpg,1
covid/COVID-19 (11).jpeg,1
covid/COVID-19 (818).jpg,1
covid/COVID-19 (393).jpg,1
covid/COVID-19 (290).jpg,1
covid/COVID-19 (453).jpg,1
covid/COVID-19 (22).jpeg,1
covid/93FE0BB1-022D-4F24-9727-987A07975FFB-1068x971.jpeg,1
covid/COVID19(317).jpg,1
covid/COVID-19 (673).jpg,1
covid/COVID-19 (669).jpg,1
covid/COVID-19 (801).jpg,1
covid/COVID19(389).jpg,1
covid/COVID-19 (584).jpg,1
covid/COVID-19 (677).jpg,1
covid/COVID19(164).jpg,1
covid/COVID19(412).jpg,1
covid/COVID19(198).jpg,1
covid/COVID-19 (325).jpg,1
covid/COVID-19 (28).jpeg,1
covid/COVID19(529).jpg,1
covid/COVID19(151).jpg,1
covid/COVID19(82).jpg,1
covid/COVID-19 (316).jpg,1
covid/COVID-19 (738).jpg,1
covid/COVID-19 (771).jpg,1
covid/CD50BA96-6982-4C80-AE7B-5F67ACDBFA56-1068x875.jpeg,1
covid/COVID19(525).jpg,1
covid/COVID19(356).jpg,1
covid/COVID19(551).jpg,1
covid/COVID19(68).jpg,1
covid/23E99E2E-447C-46E5-8EB2-D35D12473C39-1068x801.png,1
covid/COVID19(482).jpg,1
covid/COVID-19 (773).jpg,1
covid/COVID19(463).jpg,1
covid/COVID-19 (838).jpg,1
covid/COVID19(156).jpg,1
covid/COVID-19 (1).jpeg,1
covid/COVID-19 (614).jpg,1
covid/COVID19(409).jpg,1
covid/COVID-19 (369).jpg,1
covid/COVID-19 (298).jpg,1
covid/COVID-19 (655).jpg,1
covid/COVID-19 (714).jpg,1
covid/COVID19(295).jpg,1
covid/COVID19(490).jpg,1
covid/COVID19(318).jpg,1
covid/COVID-19 (644).jpg,1
covid/COVID-19 (447).jpg,1
covid/03BF7561-A9BA-4C3C-B8A0-D3E585F73F3C-1068x1083.jpeg,1
covid/COVID-19 (537).jpg,1
covid/COVID-19 (508).jpg,1
covid/COVID19(325).jpg,1
covid/2B8649B2-00C4-4233-85D5-1CE240CF233B.jpeg,1
covid/COVID-19 (841).jpg,1
covid/COVID-19 (385).jpg,1
covid/COVID19(411).jpg,1
covid/6CB4EFC6-68FA-4CD5-940C-BEFA8DAFE9A7-768x495.jpeg,1
covid/COVID-19 (80).jpg,1
covid/COVID19(243).jpg,1
covid/COVID-19 (63).jpg,1
covid/COVID-19 (491).jpg,1
covid/COVID-19 (866).jpg,1
covid/COVID19(125).jpg,1
covid/COVID-19 (598).jpg,1
covid/COVID-19 (338).jpg,1
covid/COVID19(522).jpg,1
covid/COVID19(362).jpg,1
covid/COVID-19 (418).jpg,1
covid/COVID19(254).jpg,1
covid/COVID19(348).jpg,1
covid/COVID-19 (666).jpg,1
covid/COVID-19 (197).jpg,1
covid/COVID-19 (48).jpg,1
covid/COVID19(236).jpg,1
covid/COVID-19 (798).jpg,1
covid/COVID19(323).jpg,1
covid/COVID-19 (52).jpg,1
covid/COVID-19 (307).jpg,1
covid/COVID-19 (434).jpg,1
covid/COVID-19 (538).jpg,1
covid/COVID19(312).jpg,1
covid/COVID-19 (595).jpg,1
covid/COVID-19 (327).jpg,1
covid/COVID-19 (406).jpg,1
covid/COVID-19 (117).jpg,1
covid/COVID19(75).jpg,1
covid/COVID-19 (809).jpg,1
covid/COVID19(462).jpg,1
covid/COVID-19 (276).jpg,1
covid/COVID-19 (524).jpg,1
covid/COVID-19 (618).jpg,1
covid/COVID-19 (26).jpg,1
covid/COVID19(511).jpg,1
covid/COVID-19 (373).jpg,1
covid/COVID19(103).jpg,1
covid/COVID-19 (842).jpg,1
covid/COVID-19 (684).jpg,1
covid/COVID19(354).jpg,1
covid/COVID19(439).jpg,1
covid/COVID-19 (311).jpg,1
covid/COVID19(46).jpg,1
covid/COVID19(326).jpg,1
covid/COVID19(375).jpg,1
covid/COVID19(548).jpg,1
covid/COVID19(336).jpg,1
covid/COVID-19 (246).jpg,1
covid/COVID-19 (539).jpg,1
covid/COVID-19 (141).jpg,1
covid/COVID19(28).jpg,1
covid/COVID19(349).jpg,1
covid/COVID-19 (548).jpg,1
covid/COVID-19 (646).jpg,1
covid/COVID19(58).jpg,1
covid/COVID-19 (413).jpg,1
covid/COVID-19 (790).jpg,1
covid/COVID-19 (545).jpg,1
covid/COVID-19 (578).jpg,1
covid/COVID-19 (114).jpg,1
covid/COVID19(204).jpg,1
covid/COVID-19 (312).jpg,1
covid/COVID-19 (362).jpg,1
covid/COVID19(379).jpg,1
covid/COVID19(196).jpg,1
covid/COVID-19 (483).jpg,1
covid/COVID-19 (195).jpg,1
covid/COVID-19 (211).jpg,1
covid/COVID19(281).jpg,1
covid/COVID19(60).jpg,1
covid/COVID-19 (464).jpg,1
covid/COVID-19 (189).jpg,1
covid/COVID-19 (391).jpg,1
covid/COVID-19 (574).jpg,1
covid/COVID-19 (167).jpg,1
covid/COVID-19 (804).jpg,1
covid/COVID-19 (289).jpg,1
covid/COVID19(72).jpg,1
covid/COVID-19 (784).jpg,1
covid/COVID-19 (237).jpg,1
covid/COVID-19 (42).jpg,1
covid/COVID19(211).jpg,1
covid/01E392EE-69F9-4E33-BFCE-E5C968654078-768x572.jpeg,1
covid/COVID-19 (864).jpg,1
covid/COVID19(88).jpg,1
covid/COVID-19 (381).jpg,1
covid/COVID-19 (322).jpg,1
covid/COVID-19 (440).jpg,1
covid/COVID-19 (442).jpg,1
covid/COVID19(437).jpg,1
covid/COVID19(504).jpg,1
covid/COVID19(426).jpg,1
covid/COVID-19 (670).jpg,1
covid/COVID-19 (628).jpg,1
covid/COVID-19 (441).jpg,1
covid/COVID-19 (616).jpg,1
covid/COVID-19 (485).jpg,1
covid/COVID-19 (835).jpg,1
covid/COVID19(192).jpg,1
covid/COVID19(150).jpg,1
covid/COVID-19 (180).jpg,1
covid/COVID-19 (657).jpg,1
covid/COVID-19 (769).jpg,1
covid/COVID19(485).jpg,1
covid/COVID-19 (138).jpg,1
covid/COVID19(460).jpg,1
covid/COVID-19 (60).jpg,1
covid/COVID19(509).jpg,1
covid/COVID-19 (513).jpg,1
covid/COVID-19 (220).jpg,1
covid/COVID-19 (476).jpg,1
covid/COVID-19 (284).jpg,1
covid/COVID-19 (540).jpg,1
covid/COVID-19 (630).jpg,1
covid/COVID-19 (650).jpg,1
covid/COVID-19 (505).jpg,1
covid/COVID-19 (336).jpg,1
covid/COVID-19 (613).jpg,1
covid/COVID-19 (448).jpg,1
covid/COVID-19 (238).jpg,1
covid/COVID-19 (244).jpg,1
covid/COVID-19 (372).jpg,1
covid/COVID-19 (786).jpg,1
covid/COVID-19 (812).jpg,1
covid/COVID19(387).jpg,1
covid/COVID19(386).jpg,1
covid/COVID-19 (287).jpg,1
covid/COVID-19 (93).jpg,1
covid/COVID-19 (19).jpeg,1
covid/COVID-19 (675).jpg,1
covid/COVID-19 (817).jpg,1
covid/COVID-19 (233).jpg,1
covid/COVID19(20).jpg,1
covid/COVID-19 (120).jpg,1
covid/COVID-19 (711).jpg,1
covid/COVID-19 (18).jpg,1
covid/COVID-19 (185).jpg,1
covid/COVID-19 (177).jpg,1
covid/COVID19(93).jpg,1
covid/COVID-19 (869).jpg,1
covid/COVID-19 (10).jpg,1
covid/COVID19(217).jpg,1
covid/COVID-19 (510).jpg,1
covid/COVID-19 (685).jpg,1
covid/COVID19(418).jpg,1
covid/COVID-19 (272).jpg,1
covid/COVID-19 (525).jpg,1
covid/COVID-19 (137).jpg,1
pneumonia/00013304_002.png,2
pneumonia/person1415_virus_2425.jpeg,2
pneumonia/person490_virus_996.jpeg,2
pneumonia/person1710_bacteria_4526.jpeg,2
pneumonia/person417_bacteria_1841.jpeg,2
pneumonia/person1281_virus_2204.jpeg,2
pneumonia/person1667_bacteria_4418.jpeg,2
pneumonia/person1305_bacteria_3271.jpeg,2
pneumonia/person988_bacteria_2915.jpeg,2
pneumonia/00000963_007.png,2
pneumonia/person477_bacteria_2028.jpeg,2
pneumonia/person328_bacteria_1514.jpeg,2
pneumonia/person458_bacteria_1950.jpeg,2
pneumonia/person1097_virus_1817.jpeg,2
pneumonia/person1345_bacteria_3426.jpeg,2
pneumonia/person149_virus_299.jpeg,2
pneumonia/person957_virus_1629.jpeg,2
pneumonia/person1164_virus_1952.jpeg,2
pneumonia/person938_virus_1600.jpeg,2
pneumonia/00015977_002.png,2
pneumonia/person904_bacteria_2829.jpeg,2
pneumonia/person1430_bacteria_3693.jpeg,2
pneumonia/00025776_000.png,2
pneumonia/person52_bacteria_249.jpeg,2
pneumonia/person1628_bacteria_4298.jpeg,2
pneumonia/person517_bacteria_2196.jpeg,2
pneumonia/person1170_virus_1969.jpeg,2
pneumonia/person375_bacteria_1713.jpeg,2
pneumonia/person1716_bacteria_4533.jpeg,2
pneumonia/person1158_virus_1942.jpeg,2
pneumonia/00027266_001.png,2
pneumonia/person624_virus_1198.jpeg,2
pneumonia/person1484_virus_2577.jpeg,2
pneumonia/00027775_004.png,2
pneumonia/person1943_bacteria_4868.jpeg,2
pneumonia/person23_bacteria_94.jpeg,2
pneumonia/person415_bacteria_1837.jpeg,2
pneumonia/person1540_bacteria_4023.jpeg,2
pneumonia/person1551_bacteria_4053.jpeg,2
pneumonia/person564_bacteria_2344.jpeg,2
pneumonia/person1539_virus_2678.jpeg,2
pneumonia/person296_bacteria_1391.jpeg,2
pneumonia/person402_virus_801.jpeg,2
pneumonia/person88_virus_165.jpeg,2
pneumonia/person162_virus_322.jpeg,2
pneumonia/person721_virus_1340.jpeg,2
pneumonia/person1320_bacteria_3352.jpeg,2
pneumonia/person20_bacteria_64.jpeg,2
pneumonia/person726_bacteria_2628.jpeg,2
pneumonia/person342_virus_702.jpeg,2
pneumonia/person1018_virus_1706.jpeg,2
pneumonia/person486_bacteria_2051.jpeg,2
pneumonia/person1374_bacteria_3507.jpeg,2
pneumonia/person1340_virus_2311.jpeg,2
pneumonia/person1593_virus_2767.jpeg,2
pneumonia/person70_bacteria_341.jpeg,2
pneumonia/person420_bacteria_1850.jpeg,2
pneumonia/person1507_bacteria_3947.jpeg,2
pneumonia/00015826_036.png,2
pneumonia/person383_bacteria_1748.jpeg,2
pneumonia/person1544_bacteria_4037.jpeg,2
pneumonia/person1168_virus_1965.jpeg,2
pneumonia/person67_bacteria_333.jpeg,2
pneumonia/person733_bacteria_2635.jpeg,2
pneumonia/person465_bacteria_1977.jpeg,2
pneumonia/person388_virus_775.jpeg,2
pneumonia/person57_bacteria_270.jpeg,2
pneumonia/person744_virus_1367.jpeg,2
pneumonia/person1585_bacteria_4151.jpeg,2
pneumonia/person685_bacteria_2581.jpeg,2
pneumonia/person514_bacteria_2184.jpeg,2
pneumonia/person941_virus_1610.jpeg,2
pneumonia/person1918_bacteria_4825.jpeg,2
pneumonia/person326_virus_670.jpeg,2
pneumonia/person338_bacteria_1567.jpeg,2
pneumonia/00021895_001.png,2
pneumonia/person463_bacteria_1971.jpeg,2
pneumonia/person1597_bacteria_4193.jpeg,2
pneumonia/person1519_bacteria_3970.jpeg,2
pneumonia/person1111_bacteria_3052.jpeg,2
pneumonia/person364_bacteria_1660.jpeg,2
pneumonia/person445_virus_913.jpeg,2
pneumonia/person563_bacteria_2338.jpeg,2
pneumonia/person1670_bacteria_4428.jpeg,2
pneumonia/person302_virus_623.jpeg,2
pneumonia/person373_bacteria_1709.jpeg,2
pneumonia/person940_virus_1604.jpeg,2
pneumonia/person840_bacteria_2758.jpeg,2
pneumonia/person53_bacteria_253.jpeg,2
pneumonia/person1472_bacteria_3833.jpeg,2
pneumonia/person313_bacteria_1460.jpeg,2
pneumonia/person402_bacteria_1812.jpeg,2
pneumonia/person1029_virus_1721.jpeg,2
pneumonia/00006966_004.png,2
pneumonia/person940_virus_1607.jpeg,2
pneumonia/person609_bacteria_2474.jpeg,2
pneumonia/person1433_virus_2447.jpeg,2
pneumonia/00025383_002.png,2
pneumonia/person885_bacteria_2809.jpeg,2
pneumonia/person351_virus_726.jpeg,2
pneumonia/person348_bacteria_1601.jpeg,2
pneumonia/person579_bacteria_2383.jpeg,2
pneumonia/person549_bacteria_2307.jpeg,2
pneumonia/person1057_bacteria_2991.jpeg,2
pneumonia/person1819_bacteria_4677.jpeg,2
pneumonia/person60_bacteria_287.jpeg,2
pneumonia/person1106_virus_1829.jpeg,2
pneumonia/person1230_virus_2081.jpeg,2
pneumonia/person407_virus_812.jpeg,2
pneumonia/person490_bacteria_2069.jpeg,2
pneumonia/person1712_bacteria_4529.jpeg,2
pneumonia/00013997_000.png,2
pneumonia/person124_virus_231.jpeg,2
pneumonia/person266_bacteria_1247.jpeg,2
pneumonia/person1137_virus_1876.jpeg,2
pneumonia/person434_bacteria_1877.jpeg,2
pneumonia/person535_virus_1062.jpeg,2
pneumonia/person309_bacteria_1449.jpeg,2
pneumonia/person520_bacteria_2203.jpeg,2
pneumonia/person1523_bacteria_3980.jpeg,2
pneumonia/person671_virus_1260.jpeg,2
pneumonia/person770_virus_1398.jpeg,2
pneumonia/person269_virus_554.jpeg,2
pneumonia/person1052_bacteria_2986.jpeg,2
pneumonia/00001906_004.png,2
pneumonia/person59_bacteria_281.jpeg,2
pneumonia/00010693_012.png,2
pneumonia/person1035_bacteria_2969.jpeg,2
pneumonia/person1176_bacteria_3124.jpeg,2
pneumonia/person878_bacteria_2801.jpeg,2
pneumonia/person1089_virus_1808.jpeg,2
pneumonia/person281_bacteria_1328.jpeg,2
pneumonia/person688_virus_1282.jpeg,2
pneumonia/person491_bacteria_2073.jpeg,2
pneumonia/person1496_bacteria_3909.jpeg,2
pneumonia/person1173_virus_1978.jpeg,2
pneumonia/person1180_virus_2013.jpeg,2
pneumonia/person1855_bacteria_4727.jpeg,2
pneumonia/person26_bacteria_123.jpeg,2
pneumonia/person264_bacteria_1232.jpeg,2
pneumonia/00001837_002.png,2
pneumonia/person25_bacteria_121.jpeg,2
pneumonia/person1140_bacteria_3083.jpeg,2
pneumonia/person1192_bacteria_3141.jpeg,2
pneumonia/person1068_virus_1771.jpeg,2
pneumonia/person66_bacteria_324.jpeg,2
pneumonia/00014294_011.png,2
pneumonia/person1416_virus_2427.jpeg,2
pneumonia/00001021_000.png,2
pneumonia/00016991_002.png,2
pneumonia/person1881_bacteria_4767.jpeg,2
pneumonia/00000893_000.png,2
pneumonia/person468_bacteria_1991.jpeg,2
pneumonia/person1564_bacteria_4094.jpeg,2
pneumonia/person423_bacteria_1858.jpeg,2
pneumonia/person679_virus_1270.jpeg,2
pneumonia/person1197_virus_2039.jpeg,2
pneumonia/person491_bacteria_2071.jpeg,2
pneumonia/person1616_bacteria_4251.jpeg,2
pneumonia/person1012_bacteria_2943.jpeg,2
pneumonia/person77_bacteria_375.jpeg,2
pneumonia/person607_bacteria_2470.jpeg,2
pneumonia/person1617_bacteria_4255.jpeg,2
pneumonia/00009798_016.png,2
pneumonia/person1496_bacteria_3908.jpeg,2
pneumonia/person478_virus_975.jpeg,2
pneumonia/00016011_011.png,2
pneumonia/person1298_virus_2228.jpeg,2
pneumonia/person727_virus_1347.jpeg,2
pneumonia/person987_bacteria_2914.jpeg,2
pneumonia/person593_bacteria_2435.jpeg,2
pneumonia/person539_bacteria_2270.jpeg,2
pneumonia/person1409_bacteria_3583.jpeg,2
pneumonia/person1320_bacteria_3348.jpeg,2
pneumonia/person71_bacteria_351.jpeg,2
pneumonia/00009081_000.png,2
pneumonia/00007699_003.png,2
pneumonia/person420_bacteria_1849.jpeg,2
pneumonia/person1691_bacteria_4481.jpeg,2
pneumonia/person469_virus_965.jpeg,2
pneumonia/person537_bacteria_2266.jpeg,2
pneumonia/00001529_005.png,2
pneumonia/person1205_bacteria_3157.jpeg,2
pneumonia/person1276_bacteria_3239.jpeg,2
pneumonia/person321_virus_648.jpeg,2
pneumonia/person590_virus_1138.jpeg,2
pneumonia/person909_bacteria_2834.jpeg,2
pneumonia/person23_bacteria_86.jpeg,2
pneumonia/person1294_virus_2222.jpeg,2
pneumonia/person985_bacteria_2912.jpeg,2
pneumonia/person33_bacteria_172.jpeg,2
pneumonia/person687_bacteria_2583.jpeg,2
pneumonia/person569_bacteria_2362.jpeg,2
pneumonia/person37_bacteria_186.jpeg,2
pneumonia/person1689_bacteria_4473.jpeg,2
pneumonia/person1086_bacteria_3026.jpeg,2
pneumonia/00022201_000.png,2
pneumonia/person543_bacteria_2281.jpeg,2
pneumonia/person349_virus_724.jpeg,2
pneumonia/00020845_002.png,2
pneumonia/person276_bacteria_1297.jpeg,2
pneumonia/00014603_006.png,2
pneumonia/person1180_virus_2010.jpeg,2
pneumonia/person441_bacteria_1900.jpeg,2
pneumonia/person1706_bacteria_4516.jpeg,2
pneumonia/person413_virus_844.jpeg,2
pneumonia/person1139_virus_1882.jpeg,2
pneumonia/person281_bacteria_1329.jpeg,2
pneumonia/person337_bacteria_1564.jpeg,2
pneumonia/person623_bacteria_2496.jpeg,2
pneumonia/person429_virus_877.jpeg,2
pneumonia/person1459_bacteria_3796.jpeg,2
pneumonia/person357_bacteria_1640.jpeg,2
pneumonia/person540_bacteria_2272.jpeg,2
pneumonia/person1497_bacteria_3912.jpeg,2
pneumonia/person1442_bacteria_3726.jpeg,2
pneumonia/00014393_007.png,2
pneumonia/person297_bacteria_1400.jpeg,2
pneumonia/person1554_virus_2696.jpeg,2
pneumonia/person62_bacteria_302.jpeg,2
pneumonia/person728_bacteria_2630.jpeg,2
pneumonia/person732_bacteria_2634.jpeg,2
pneumonia/00006985_002.png,2
pneumonia/person422_virus_867.jpeg,2
pneumonia/person1415_bacteria_3629.jpeg,2
pneumonia/person61_bacteria_292.jpeg,2
pneumonia/person977_virus_1652.jpeg,2
pneumonia/person1308_bacteria_3288.jpeg,2
pneumonia/person1005_virus_1688.jpeg,2
pneumonia/person523_virus_1043.jpeg,2
pneumonia/00026806_000.png,2
pneumonia/person503_bacteria_2126.jpeg,2
pneumonia/person1581_virus_2741.jpeg,2
pneumonia/person389_bacteria_1778.jpeg,2
pneumonia/00000165_001.png,2
pneumonia/person1469_bacteria_3827.jpeg,2
pneumonia/person257_virus_538.jpeg,2
pneumonia/person1009_virus_1694.jpeg,2
pneumonia/person371_bacteria_1699.jpeg,2
pneumonia/person1803_bacteria_4652.jpeg,2
pneumonia/person895_bacteria_2820.jpeg,2
pneumonia/00021399_000.png,2
pneumonia/person1026_bacteria_2957.jpeg,2
pneumonia/00010375_001.png,2
pneumonia/person1157_virus_1937.jpeg,2
pneumonia/00027539_001.png,2
pneumonia/person1250_bacteria_3207.jpeg,2
pneumonia/person850_bacteria_2771.jpeg,2
pneumonia/person145_virus_294.jpeg,2
pneumonia/00015273_000.png,2
pneumonia/person1400_bacteria_3554.jpeg,2
pneumonia/person924_virus_1581.jpeg,2
pneumonia/person469_bacteria_1994.jpeg,2
pneumonia/person724_virus_1343.jpeg,2
pneumonia/person82_virus_154.jpeg,2
pneumonia/person299_bacteria_1419.jpeg,2
pneumonia/person33_bacteria_173.jpeg,2
pneumonia/person40_bacteria_203.jpeg,2
pneumonia/person326_virus_672.jpeg,2
pneumonia/person1628_bacteria_4296.jpeg,2
pneumonia/person315_bacteria_1466.jpeg,2
pneumonia/person348_virus_720.jpeg,2
pneumonia/person1735_bacteria_4570.jpeg,2
pneumonia/person138_virus_282.jpeg,2
pneumonia/person1176_virus_1996.jpeg,2
pneumonia/person1261_virus_2145.jpeg,2
pneumonia/person1048_bacteria_2982.jpeg,2
pneumonia/person955_bacteria_2880.jpeg,2
pneumonia/person272_virus_559.jpeg,2
pneumonia/person5_bacteria_16.jpeg,2
pneumonia/person49_bacteria_236.jpeg,2
pneumonia/person749_bacteria_2652.jpeg,2
pneumonia/person768_virus_1396.jpeg,2
pneumonia/person1455_virus_2489.jpeg,2
pneumonia/person1531_virus_2666.jpeg,2
pneumonia/person381_bacteria_1731.jpeg,2
pneumonia/person488_bacteria_2061.jpeg,2
pneumonia/person1348_virus_2324.jpeg,2
pneumonia/person1551_bacteria_4054.jpeg,2
pneumonia/person630_bacteria_2516.jpeg,2
pneumonia/person422_bacteria_1853.jpeg,2
pneumonia/person399_bacteria_1806.jpeg,2
pneumonia/00015628_018.png,2
pneumonia/person508_virus_1021.jpeg,2
pneumonia/person1179_bacteria_3127.jpeg,2
pneumonia/person353_bacteria_1628.jpeg,2
pneumonia/person27_bacteria_137.jpeg,2
pneumonia/person1095_virus_1815.jpeg,2
pneumonia/person447_virus_921_1.jpeg,2
pneumonia/person64_bacteria_317.jpeg,2
pneumonia/person1142_virus_1892.jpeg,2
pneumonia/person355_virus_730.jpeg,2
pneumonia/person555_bacteria_2325.jpeg,2
pneumonia/person533_virus_1055.jpeg,2
pneumonia/person841_virus_1481.jpeg,2
pneumonia/person1093_bacteria_3033.jpeg,2
pneumonia/person441_bacteria_1911.jpeg,2
pneumonia/person1702_bacteria_4510.jpeg,2
pneumonia/person453_virus_936.jpeg,2
pneumonia/person25_bacteria_118.jpeg,2
pneumonia/person543_virus_1073.jpeg,2
pneumonia/person51_bacteria_247.jpeg,2
pneumonia/person337_bacteria_1554.jpeg,2
pneumonia/person870_virus_1516.jpeg,2
pneumonia/person1323_bacteria_3362.jpeg,2
pneumonia/00026580_000.png,2
pneumonia/person799_virus_1431.jpeg,2
pneumonia/person1644_bacteria_4358.jpeg,2
pneumonia/person333_bacteria_1539.jpeg,2
pneumonia/person1286_bacteria_3249.jpeg,2
pneumonia/person471_bacteria_2005.jpeg,2
pneumonia/person1524_bacteria_3983.jpeg,2
pneumonia/person23_bacteria_81.jpeg,2
pneumonia/person328_bacteria_1511.jpeg,2
pneumonia/person5_bacteria_19.jpeg,2
pneumonia/person427_bacteria_1866.jpeg,2
pneumonia/00028301_000.png,2
pneumonia/person1019_virus_1708.jpeg,2
pneumonia/person294_bacteria_1384.jpeg,2
pneumonia/person48_bacteria_233.jpeg,2
pneumonia/person633_virus_1213.jpeg,2
pneumonia/person253_bacteria_1156.jpeg,2
pneumonia/person518_virus_1036.jpeg,2
pneumonia/person725_bacteria_2627.jpeg,2
pneumonia/person735_bacteria_2638.jpeg,2
pneumonia/00028173_010.png,2
pneumonia/00021016_000.png,2
pneumonia/person83_virus_156.jpeg,2
pneumonia/person40_bacteria_202.jpeg,2
pneumonia/person1507_bacteria_3942.jpeg,2
pneumonia/person111_virus_209.jpeg,2
pneumonia/person504_bacteria_2129.jpeg,2
pneumonia/person319_bacteria_1479.jpeg,2
pneumonia/person1353_virus_2333.jpeg,2
pneumonia/person28_bacteria_143.jpeg,2
pneumonia/person740_virus_1362.jpeg,2
pneumonia/person1231_bacteria_3186.jpeg,2
pneumonia/person806_virus_1439.jpeg,2
pneumonia/person427_virus_875.jpeg,2
pneumonia/00018960_023.png,2
pneumonia/person491_bacteria_2075.jpeg,2
pneumonia/person1308_virus_2253.jpeg,2
pneumonia/00026938_000.png,2
pneumonia/person925_virus_1582.jpeg,2
pneumonia/person55_bacteria_265.jpeg,2
pneumonia/person255_bacteria_1182.jpeg,2
pneumonia/person370_bacteria_1689.jpeg,2
pneumonia/person855_virus_1500.jpeg,2
pneumonia/person1590_bacteria_4175.jpeg,2
pneumonia/00012158_021.png,2
pneumonia/00006260_001.png,2
pneumonia/person674_bacteria_2568.jpeg,2
pneumonia/person699_bacteria_2598.jpeg,2
pneumonia/person1507_bacteria_3945.jpeg,2
pneumonia/person583_bacteria_2409.jpeg,2
pneumonia/person1215_bacteria_3167.jpeg,2
pneumonia/person480_bacteria_2040.jpeg,2
pneumonia/person1183_virus_2018.jpeg,2
pneumonia/person1670_bacteria_4430.jpeg,2
pneumonia/person294_virus_606.jpeg,2
pneumonia/person1261_virus_2148.jpeg,2
pneumonia/person1252_bacteria_3209.jpeg,2
pneumonia/person597_bacteria_2450.jpeg,2
pneumonia/person921_bacteria_2846.jpeg,2
pneumonia/person1620_bacteria_4272.jpeg,2
pneumonia/person494_bacteria_2088.jpeg,2
pneumonia/person629_virus_1207.jpeg,2
pneumonia/person1312_virus_2261.jpeg,2
pneumonia/00016425_000.png,2
pneumonia/person847_virus_1492.jpeg,2
pneumonia/person499_bacteria_2103.jpeg,2
pneumonia/00019021_001.png,2
pneumonia/person370_virus_753.jpeg,2
pneumonia/person993_bacteria_2921.jpeg,2
pneumonia/person782_bacteria_2686.jpeg,2
pneumonia/person1669_bacteria_4422.jpeg,2
pneumonia/person1306_bacteria_3276.jpeg,2
pneumonia/person1088_bacteria_3028.jpeg,2
pneumonia/person1133_bacteria_3075.jpeg,2
pneumonia/person1942_bacteria_4865.jpeg,2
pneumonia/person965_virus_1638.jpeg,2
pneumonia/person23_bacteria_89.jpeg,2
pneumonia/person1274_virus_2193.jpeg,2
pneumonia/person787_bacteria_2691.jpeg,2
pneumonia/person420_bacteria_1851.jpeg,2
pneumonia/person706_virus_1304.jpeg,2
pneumonia/person1597_bacteria_4191.jpeg,2
pneumonia/person492_bacteria_2083.jpeg,2
pneumonia/person357_bacteria_1639.jpeg,2
pneumonia/person1180_virus_2014.jpeg,2
pneumonia/person108_virus_199.jpeg,2
pneumonia/00005567_025.png,2
pneumonia/person1847_bacteria_4716.jpeg,2
pneumonia/00018843_000.png,2
pneumonia/person1433_bacteria_3704.jpeg,2
pneumonia/person991_virus_1669.jpeg,2
pneumonia/person1178_bacteria_3126.jpeg,2
pneumonia/person1307_virus_2251.jpeg,2
pneumonia/person30_bacteria_153.jpeg,2
pneumonia/00010761_002.png,2
pneumonia/person301_bacteria_1424.jpeg,2
pneumonia/person489_bacteria_2063.jpeg,2
pneumonia/person88_virus_166.jpeg,2
pneumonia/person371_bacteria_1695.jpeg,2
pneumonia/person302_bacteria_1430.jpeg,2
pneumonia/person353_virus_728.jpeg,2
pneumonia/person321_bacteria_1489.jpeg,2
pneumonia/person1803_bacteria_4651.jpeg,2
pneumonia/person427_bacteria_1867.jpeg,2
pneumonia/person1534_virus_2670.jpeg,2
pneumonia/person515_bacteria_2190.jpeg,2
pneumonia/person19_bacteria_59.jpeg,2
pneumonia/person1511_bacteria_3955.jpeg,2
pneumonia/person68_bacteria_337.jpeg,2
pneumonia/00014492_005.png,2
pneumonia/person718_virus_1316.jpeg,2
pneumonia/person621_virus_1194.jpeg,2
pneumonia/person389_virus_778.jpeg,2
pneumonia/person1665_bacteria_4415.jpeg,2
pneumonia/person66_bacteria_326.jpeg,2
pneumonia/person508_virus_1020.jpeg,2
pneumonia/person1486_bacteria_3884.jpeg,2
pneumonia/person1112_bacteria_3053.jpeg,2
pneumonia/person1310_bacteria_3300.jpeg,2
pneumonia/person774_bacteria_2678.jpeg,2
pneumonia/person1483_bacteria_3876.jpeg,2
pneumonia/person376_bacteria_1716.jpeg,2
pneumonia/person62_bacteria_300.jpeg,2
pneumonia/person883_bacteria_2807.jpeg,2
pneumonia/person258_bacteria_1215.jpeg,2
pneumonia/person1493_bacteria_3895.jpeg,2
pneumonia/00016036_001.png,2
pneumonia/person26_bacteria_130.jpeg,2
pneumonia/person678_bacteria_2572.jpeg,2
pneumonia/person356_virus_733.jpeg,2
pneumonia/00010384_035.png,2
pneumonia/person258_bacteria_1210.jpeg,2
pneumonia/person267_bacteria_1250.jpeg,2
pneumonia/00006759_001.png,2
pneumonia/person16_bacteria_55.jpeg,2
pneumonia/person1270_virus_2163.jpeg,2
pneumonia/00026389_002.png,2
pneumonia/person808_virus_1442.jpeg,2
pneumonia/person1317_bacteria_3332.jpeg,2
pneumonia/person53_bacteria_254.jpeg,2
pneumonia/person472_bacteria_2010.jpeg,2
pneumonia/person884_bacteria_2808.jpeg,2
pneumonia/00019750_031.png,2
pneumonia/person1628_bacteria_4295.jpeg,2
pneumonia/person1387_virus_2382.jpeg,2
pneumonia/person354_bacteria_1635.jpeg,2
pneumonia/person1455_virus_2488.jpeg,2
pneumonia/00018237_028.png,2
pneumonia/person1625_bacteria_4290.jpeg,2
pneumonia/person1751_bacteria_4592.jpeg,2
pneumonia/person1310_bacteria_3304.jpeg,2
pneumonia/person703_virus_1300.jpeg,2
pneumonia/person732_virus_1353.jpeg,2
pneumonia/00016936_000.png,2
pneumonia/person140_virus_285.jpeg,2
pneumonia/person892_bacteria_2817.jpeg,2
pneumonia/person458_bacteria_1952.jpeg,2
pneumonia/person827_bacteria_2738.jpeg,2
pneumonia/person751_bacteria_2654.jpeg,2
pneumonia/person1524_bacteria_3984.jpeg,2
pneumonia/person258_bacteria_1207.jpeg,2
pneumonia/person413_bacteria_1832.jpeg,2
pneumonia/person600_virus_1156.jpeg,2
pneumonia/person75_bacteria_367.jpeg,2
pneumonia/person1663_bacteria_4412.jpeg,2
pneumonia/person1876_bacteria_4760.jpeg,2
pneumonia/person458_bacteria_1954.jpeg,2
pneumonia/person1535_bacteria_4016.jpeg,2
pneumonia/person1073_bacteria_3011.jpeg,2
pneumonia/person23_bacteria_92.jpeg,2
pneumonia/person396_bacteria_1796.jpeg,2
pneumonia/person445_virus_914.jpeg,2
pneumonia/person488_bacteria_2062.jpeg,2
pneumonia/person1139_bacteria_3082.jpeg,2
pneumonia/person49_bacteria_235.jpeg,2
pneumonia/person266_virus_549.jpeg,2
pneumonia/person919_virus_1576.jpeg,2
pneumonia/person351_bacteria_1622.jpeg,2
pneumonia/person465_bacteria_1976.jpeg,2
pneumonia/person1372_bacteria_3499.jpeg,2
pneumonia/person1545_bacteria_4042.jpeg,2
pneumonia/person280_virus_577.jpeg,2
pneumonia/person388_virus_777.jpeg,2
pneumonia/person667_virus_1253.jpeg,2
pneumonia/person1007_virus_1690.jpeg,2
pneumonia/person40_bacteria_204.jpeg,2
pneumonia/person1668_bacteria_4421.jpeg,2
pneumonia/person348_virus_719.jpeg,2
pneumonia/person1830_bacteria_4693.jpeg,2
pneumonia/person26_bacteria_128.jpeg,2
pneumonia/person1120_virus_1845.jpeg,2
pneumonia/person1418_bacteria_3636.jpeg,2
pneumonia/person1260_virus_2140.jpeg,2
pneumonia/person1295_bacteria_3258.jpeg,2
pneumonia/person563_bacteria_2339.jpeg,2
pneumonia/person517_virus_1035.jpeg,2
pneumonia/person1460_virus_2509.jpeg,2
pneumonia/person945_virus_1616.jpeg,2
pneumonia/person614_bacteria_2483.jpeg,2
pneumonia/person2_bacteria_3.jpeg,2
pneumonia/person1298_virus_2226.jpeg,2
pneumonia/person1679_bacteria_4452.jpeg,2
pneumonia/person1136_bacteria_3078.jpeg,2
pneumonia/person820_virus_1456.jpeg,2
pneumonia/person325_bacteria_1502.jpeg,2
pneumonia/person1164_virus_1955.jpeg,2
pneumonia/person86_virus_159.jpeg,2
pneumonia/00026629_006.png,2
pneumonia/person544_virus_1074.jpeg,2
pneumonia/person445_bacteria_1929.jpeg,2
pneumonia/person1562_bacteria_4081.jpeg,2
pneumonia/person493_bacteria_2086.jpeg,2
pneumonia/person1872_bacteria_4750.jpeg,2
pneumonia/person427_bacteria_1868.jpeg,2
pneumonia/person1372_bacteria_3503.jpeg,2
pneumonia/person139_virus_283.jpeg,2
pneumonia/person498_bacteria_2102.jpeg,2
pneumonia/person864_virus_1509.jpeg,2
pneumonia/person366_virus_746.jpeg,2
pneumonia/person446_bacteria_1931.jpeg,2
pneumonia/person54_bacteria_258.jpeg,2
pneumonia/person1323_virus_2282.jpeg,2
pneumonia/person382_bacteria_1740.jpeg,2
pneumonia/person343_virus_704.jpeg,2
pneumonia/person1478_bacteria_3848.jpeg,2
pneumonia/person1164_bacteria_3110.jpeg,2
pneumonia/00025624_000.png,2
pneumonia/person747_virus_1372.jpeg,2
pneumonia/person1133_virus_1865.jpeg,2
pneumonia/person1480_bacteria_3858.jpeg,2
pneumonia/person1323_bacteria_3361.jpeg,2
pneumonia/person30_bacteria_145.jpeg,2
pneumonia/person911_bacteria_2836.jpeg,2
pneumonia/person61_bacteria_290.jpeg,2
pneumonia/person605_bacteria_2467.jpeg,2
pneumonia/person1576_virus_2734.jpeg,2
pneumonia/person391_virus_781.jpeg,2
pneumonia/person441_bacteria_1904.jpeg,2
pneumonia/00014234_000.png,2
pneumonia/00013662_005.png,2
pneumonia/person90_virus_170.jpeg,2
pneumonia/person1162_virus_1950.jpeg,2
pneumonia/person515_bacteria_2189.jpeg,2
pneumonia/person301_bacteria_1429.jpeg,2
pneumonia/00002572_006.png,2
pneumonia/person1275_bacteria_3237.jpeg,2
pneumonia/person426_bacteria_1862.jpeg,2
pneumonia/person487_bacteria_2058.jpeg,2
pneumonia/person1400_bacteria_3553.jpeg,2
pneumonia/person1149_virus_1925.jpeg,2
pneumonia/person30_bacteria_151.jpeg,2
pneumonia/person18_bacteria_57.jpeg,2
pneumonia/person67_bacteria_332.jpeg,2
pneumonia/person779_virus_1410.jpeg,2
pneumonia/person1491_bacteria_3892.jpeg,2
pneumonia/person124_virus_238.jpeg,2
pneumonia/person537_bacteria_2263.jpeg,2
pneumonia/person1502_bacteria_3925.jpeg,2
pneumonia/person762_virus_1390.jpeg,2
pneumonia/person487_bacteria_2055.jpeg,2
pneumonia/00019275_002.png,2
pneumonia/person1308_bacteria_3285.jpeg,2
pneumonia/person1343_bacteria_3416.jpeg,2
pneumonia/person553_bacteria_2316.jpeg,2
pneumonia/person662_bacteria_2554.jpeg,2
pneumonia/person7_bacteria_28.jpeg,2
pneumonia/person435_virus_885.jpeg,2
pneumonia/person1927_bacteria_4837.jpeg,2
pneumonia/person511_bacteria_2153.jpeg,2
pneumonia/person1183_bacteria_3131.jpeg,2
pneumonia/person959_bacteria_2884.jpeg,2
pneumonia/person1361_bacteria_3476.jpeg,2
pneumonia/person1174_virus_1980.jpeg,2
pneumonia/person681_virus_1272.jpeg,2
pneumonia/person786_bacteria_2690.jpeg,2
pneumonia/person371_virus_754.jpeg,2
pneumonia/person1090_virus_1809.jpeg,2
pneumonia/person564_bacteria_2342.jpeg,2
pneumonia/person1109_bacteria_3050.jpeg,2
pneumonia/person274_bacteria_1290.jpeg,2
pneumonia/person760_bacteria_2664.jpeg,2
pneumonia/person30_bacteria_156.jpeg,2
pneumonia/person465_bacteria_1981.jpeg,2
pneumonia/person1019_bacteria_2950.jpeg,2
pneumonia/00005032_000.png,2
pneumonia/person267_bacteria_1253.jpeg,2
pneumonia/person947_virus_1618.jpeg,2
pneumonia/person624_bacteria_2497.jpeg,2
pneumonia/person1257_bacteria_3215.jpeg,2
pneumonia/person359_virus_738.jpeg,2
pneumonia/person1934_bacteria_4846.jpeg,2
pneumonia/person1585_bacteria_4155.jpeg,2
pneumonia/person438_bacteria_1890.jpeg,2
pneumonia/person1214_bacteria_3166.jpeg,2
pneumonia/person46_bacteria_224.jpeg,2
pneumonia/person1041_bacteria_2975.jpeg,2
pneumonia/person765_virus_1393.jpeg,2
pneumonia/person1472_bacteria_3834.jpeg,2
pneumonia/person258_bacteria_1212.jpeg,2
pneumonia/person1092_bacteria_3032.jpeg,2
pneumonia/person1903_bacteria_4797.jpeg,2
pneumonia/person1546_virus_2687.jpeg,2
pneumonia/person370_bacteria_1690.jpeg,2
pneumonia/person1539_virus_2679.jpeg,2
pneumonia/person1366_virus_2349.jpeg,2
pneumonia/person1154_virus_1933.jpeg,2
pneumonia/person1493_bacteria_3898.jpeg,2
pneumonia/person1118_bacteria_3059.jpeg,2
pneumonia/person1324_virus_2285.jpeg,2
pneumonia/person1130_virus_1860.jpeg,2
pneumonia/person255_bacteria_1162.jpeg,2
pneumonia/person1286_virus_2209.jpeg,2
pneumonia/person1310_bacteria_3301.jpeg,2
pneumonia/person745_virus_1368.jpeg,2
pneumonia/person1702_bacteria_4509.jpeg,2
pneumonia/00014201_008.png,2
pneumonia/person1006_bacteria_2937.jpeg,2
pneumonia/person533_bacteria_2250.jpeg,2
pneumonia/person1488_virus_2592.jpeg,2
pneumonia/person444_virus_911.jpeg,2
pneumonia/person918_virus_1575.jpeg,2
pneumonia/person655_bacteria_2547.jpeg,2
pneumonia/person257_bacteria_1193.jpeg,2
pneumonia/person1454_bacteria_3781.jpeg,2
pneumonia/person1599_virus_2775.jpeg,2
pneumonia/00005567_017.png,2
pneumonia/person392_bacteria_1785.jpeg,2
pneumonia/person336_bacteria_1551.jpeg,2
pneumonia/person305_bacteria_1436.jpeg,2
pneumonia/person449_bacteria_1940.jpeg,2
pneumonia/person331_bacteria_1527.jpeg,2
pneumonia/person394_bacteria_1792.jpeg,2
pneumonia/person69_bacteria_338.jpeg,2
pneumonia/person855_bacteria_2777.jpeg,2
pneumonia/person907_virus_1563.jpeg,2
pneumonia/person259_bacteria_1219.jpeg,2
pneumonia/person1300_virus_2240.jpeg,2
pneumonia/00000499_008.png,2
pneumonia/person391_bacteria_1782.jpeg,2
pneumonia/person1576_bacteria_4121.jpeg,2
pneumonia/person942_virus_1611.jpeg,2
pneumonia/person330_virus_683.jpeg,2
pneumonia/00014072_002.png,2
pneumonia/person1908_bacteria_4811.jpeg,2
pneumonia/person620_virus_1191.jpeg,2
pneumonia/person998_bacteria_2927.jpeg,2
pneumonia/person319_bacteria_1478.jpeg,2
pneumonia/person884_virus_1534.jpeg,2
pneumonia/person1043_virus_1738.jpeg,2
pneumonia/person296_virus_613.jpeg,2
pneumonia/person852_virus_1497.jpeg,2
pneumonia/person491_bacteria_2080.jpeg,2
pneumonia/person1015_virus_1701.jpeg,2
pneumonia/person278_virus_575.jpeg,2
pneumonia/person13_bacteria_49.jpeg,2
pneumonia/person1481_bacteria_3862.jpeg,2
pneumonia/00003640_004.png,2
pneumonia/person277_virus_571.jpeg,2
pneumonia/person1345_bacteria_3425.jpeg,2
pneumonia/person1391_bacteria_3537.jpeg,2
pneumonia/person342_virus_701.jpeg,2
pneumonia/person637_bacteria_2529.jpeg,2
pneumonia/person1348_virus_2326.jpeg,2
pneumonia/person518_bacteria_2199.jpeg,2
pneumonia/person567_bacteria_2352.jpeg,2
pneumonia/person344_virus_705.jpeg,2
pneumonia/00014647_009.png,2
pneumonia/person325_virus_664.jpeg,2
pneumonia/person1691_bacteria_4479.jpeg,2
pneumonia/person1152_virus_1930.jpeg,2
pneumonia/person444_bacteria_1927.jpeg,2
pneumonia/person1067_virus_1770.jpeg,2
pneumonia/person1563_bacteria_4092.jpeg,2
pneumonia/person1779_bacteria_4626.jpeg,2
pneumonia/person545_bacteria_2289.jpeg,2
pneumonia/00027320_010.png,2
pneumonia/person325_bacteria_1497.jpeg,2
pneumonia/person1287_bacteria_3250.jpeg,2
pneumonia/person1107_virus_1832.jpeg,2
pneumonia/person487_bacteria_2060.jpeg,2
pneumonia/person81_virus_152.jpeg,2
pneumonia/person534_bacteria_2254.jpeg,2
pneumonia/00010334_010.png,2
pneumonia/person520_virus_1039.jpeg,2
pneumonia/person653_virus_1235.jpeg,2
pneumonia/person1233_virus_2090.jpeg,2
pneumonia/person289_virus_593.jpeg,2
pneumonia/person993_virus_1671.jpeg,2
pneumonia/person1480_virus_2566.jpeg,2
pneumonia/person470_bacteria_2002.jpeg,2
pneumonia/person364_bacteria_1658.jpeg,2
pneumonia/00021627_007.png,2
pneumonia/person1375_virus_2366.jpeg,2
pneumonia/person470_bacteria_2001.jpeg,2
pneumonia/person153_virus_304.jpeg,2
pneumonia/person1539_bacteria_4022.jpeg,2
pneumonia/00022156_008.png,2
pneumonia/person1170_virus_1970.jpeg,2
pneumonia/person59_bacteria_283.jpeg,2
pneumonia/person1191_virus_2032.jpeg,2
pneumonia/00010531_073.png,2
pneumonia/person874_bacteria_2797.jpeg,2
pneumonia/person1341_bacteria_3406.jpeg,2
pneumonia/person20_bacteria_69.jpeg,2
pneumonia/person1159_virus_1946.jpeg,2
pneumonia/person1567_bacteria_4100.jpeg,2
pneumonia/person564_bacteria_2343.jpeg,2
pneumonia/person88_virus_163.jpeg,2
pneumonia/person326_virus_677.jpeg,2
pneumonia/person1306_bacteria_3272.jpeg,2
pneumonia/person421_virus_866.jpeg,2
pneumonia/person1170_bacteria_3117.jpeg,2
pneumonia/person1839_bacteria_4705.jpeg,2
pneumonia/00015734_000.png,2
pneumonia/person67_bacteria_329.jpeg,2
pneumonia/person1422_virus_2434.jpeg,2
pneumonia/person581_bacteria_2390.jpeg,2
pneumonia/person895_virus_1547.jpeg,2
pneumonia/person475_bacteria_2020.jpeg,2
pneumonia/person1367_virus_2351.jpeg,2
pneumonia/person521_virus_1040.jpeg,2
pneumonia/person1503_virus_2613.jpeg,2
pneumonia/person1462_virus_2512.jpeg,2
pneumonia/person1441_virus_2454.jpeg,2
pneumonia/person753_bacteria_2656.jpeg,2
pneumonia/00029889_000.png,2
pneumonia/person845_virus_1489.jpeg,2
pneumonia/00012667_000.png,2
pneumonia/person776_bacteria_2680.jpeg,2
pneumonia/person1344_virus_2319.jpeg,2
pneumonia/person458_bacteria_1955.jpeg,2
pneumonia/person663_virus_1247.jpeg,2
pneumonia/person471_virus_968.jpeg,2
pneumonia/00022192_038.png,2
pneumonia/person1542_bacteria_4029.jpeg,2
pneumonia/person19_bacteria_63.jpeg,2
pneumonia/person604_virus_1165.jpeg,2
pneumonia/person554_virus_1094.jpeg,2
pneumonia/person257_bacteria_1194.jpeg,2
pneumonia/person395_virus_788.jpeg,2
pneumonia/person1185_bacteria_3133.jpeg,2
pneumonia/person93_virus_175.jpeg,2
pneumonia/person810_virus_1445.jpeg,2
pneumonia/person501_bacteria_2115.jpeg,2
pneumonia/person296_bacteria_1395.jpeg,2
pneumonia/person312_bacteria_1455.jpeg,2
pneumonia/person1455_virus_2490.jpeg,2
pneumonia/00005892_001.png,2
pneumonia/person929_bacteria_2854.jpeg,2
pneumonia/person140_virus_284.jpeg,2
pneumonia/person1644_bacteria_4356.jpeg,2
pneumonia/person1867_bacteria_4741.jpeg,2
pneumonia/00010375_000.png,2
pneumonia/person1418_virus_2429.jpeg,2
pneumonia/person888_bacteria_2812.jpeg,2
pneumonia/person1869_bacteria_4745.jpeg,2
pneumonia/00001182_004.png,2
pneumonia/00018926_001.png,2
pneumonia/person1308_bacteria_3280.jpeg,2
pneumonia/person1697_bacteria_4496.jpeg,2
pneumonia/person1502_virus_2612.jpeg,2
pneumonia/person1931_bacteria_4842.jpeg,2
pneumonia/person640_virus_1221.jpeg,2
pneumonia/person326_bacteria_1507.jpeg,2
pneumonia/person981_bacteria_2907.jpeg,2
pneumonia/person308_virus_630.jpeg,2
pneumonia/00016825_000.png,2
pneumonia/person309_virus_631.jpeg,2
pneumonia/person1707_bacteria_4520.jpeg,2
pneumonia/person1156_bacteria_3101.jpeg,2
pneumonia/person23_bacteria_104.jpeg,2
pneumonia/person1482_bacteria_3870.jpeg,2
pneumonia/person618_virus_1189.jpeg,2
pneumonia/person1600_bacteria_4202.jpeg,2
pneumonia/person536_bacteria_2257.jpeg,2
pneumonia/person255_bacteria_1160.jpeg,2
pneumonia/person1584_bacteria_4148.jpeg,2
pneumonia/person1497_virus_2607.jpeg,2
pneumonia/person64_bacteria_320.jpeg,2
pneumonia/person337_bacteria_1565.jpeg,2
pneumonia/person264_virus_547.jpeg,2
pneumonia/person577_virus_1121.jpeg,2
pneumonia/person688_virus_1281.jpeg,2
pneumonia/person605_virus_1169.jpeg,2
pneumonia/00015442_000.png,2
pneumonia/person1384_bacteria_3522.jpeg,2
pneumonia/person1209_bacteria_3161.jpeg,2
pneumonia/00005274_011.png,2
pneumonia/00011973_015.png,2
pneumonia/00019865_013.png,2
pneumonia/person663_bacteria_2555.jpeg,2
pneumonia/person1081_bacteria_3021.jpeg,2
pneumonia/00001946_007.png,2
pneumonia/person530_virus_1052.jpeg,2
pneumonia/person579_bacteria_2382.jpeg,2
pneumonia/person778_virus_1408.jpeg,2
pneumonia/person456_bacteria_1948.jpeg,2
pneumonia/person1046_virus_1742.jpeg,2
pneumonia/00003092_000.png,2
pneumonia/person969_bacteria_2894.jpeg,2
pneumonia/person497_virus_1005.jpeg,2
pneumonia/person705_virus_1302.jpeg,2
pneumonia/person926_virus_1583.jpeg,2
pneumonia/person415_bacteria_1839.jpeg,2
pneumonia/person443_bacteria_1924.jpeg,2
pneumonia/person1355_virus_2336.jpeg,2
pneumonia/person480_bacteria_2038.jpeg,2
pneumonia/person462_virus_951.jpeg,2
pneumonia/person1936_bacteria_4852.jpeg,2
pneumonia/person832_virus_1468.jpeg,2
pneumonia/person1267_virus_2160.jpeg,2
pneumonia/person277_bacteria_1302.jpeg,2
pneumonia/person431_virus_880.jpeg,2
pneumonia/person1513_virus_2632.jpeg,2
pneumonia/person332_bacteria_1536.jpeg,2
pneumonia/person58_bacteria_273.jpeg,2
pneumonia/person701_virus_1297.jpeg,2
pneumonia/person1162_virus_1949.jpeg,2
pneumonia/person1484_virus_2576.jpeg,2
pneumonia/person443_bacteria_1926.jpeg,2
pneumonia/person649_bacteria_2541.jpeg,2
pneumonia/person418_bacteria_1843.jpeg,2
pneumonia/person1748_bacteria_4588.jpeg,2
pneumonia/person1228_virus_2079.jpeg,2
pneumonia/person298_bacteria_1413.jpeg,2
pneumonia/00007444_003.png,2
pneumonia/00028076_000.png,2
pneumonia/person525_bacteria_2216.jpeg,2
pneumonia/person853_bacteria_2775.jpeg,2
pneumonia/person1689_bacteria_4474.jpeg,2
pneumonia/person1328_virus_2294.jpeg,2
pneumonia/person1472_virus_2550.jpeg,2
pneumonia/00007191_001.png,2
pneumonia/person1499_virus_2609.jpeg,2
pneumonia/person261_virus_543.jpeg,2
pneumonia/person3_bacteria_13.jpeg,2
pneumonia/person1595_bacteria_4183.jpeg,2
pneumonia/person544_virus_1075.jpeg,2
pneumonia/person124_virus_251.jpeg,2
pneumonia/person380_virus_763.jpeg,2
pneumonia/person1525_bacteria_3985.jpeg,2
pneumonia/person1411_bacteria_3602.jpeg,2
pneumonia/person1315_bacteria_3322.jpeg,2
pneumonia/person1924_bacteria_4832.jpeg,2
pneumonia/person558_virus_1098.jpeg,2
pneumonia/person110_virus_207.jpeg,2
pneumonia/person837_virus_1475.jpeg,2
pneumonia/person596_virus_1149.jpeg,2
pneumonia/person1272_bacteria_3232.jpeg,2
pneumonia/person61_bacteria_296.jpeg,2
pneumonia/00026112_001.png,2
pneumonia/person1122_virus_1847.jpeg,2
pneumonia/00015442_001.png,2
pneumonia/person108_virus_200.jpeg,2
pneumonia/person780_virus_1411.jpeg,2
pneumonia/00001749_002.png,2
pneumonia/person279_virus_576.jpeg,2
pneumonia/person1180_virus_2011.jpeg,2
pneumonia/person721_bacteria_2623.jpeg,2
pneumonia/person1202_bacteria_3153.jpeg,2
pneumonia/person602_bacteria_2460.jpeg,2
pneumonia/00022436_000.png,2
pneumonia/person280_bacteria_1318.jpeg,2
pneumonia/person841_bacteria_2761.jpeg,2
pneumonia/person1056_bacteria_2990.jpeg,2
pneumonia/person253_bacteria_1152.jpeg,2
pneumonia/person867_virus_1512.jpeg,2
pneumonia/person583_bacteria_2408.jpeg,2
pneumonia/person1719_bacteria_4542.jpeg,2
pneumonia/00025075_006.png,2
pneumonia/person1314_virus_2266.jpeg,2
pneumonia/person1145_virus_1902.jpeg,2
pneumonia/person677_bacteria_2571.jpeg,2
pneumonia/person1304_bacteria_3269.jpeg,2
pneumonia/person1308_bacteria_3286.jpeg,2
pneumonia/person1528_bacteria_3991.jpeg,2
pneumonia/person304_virus_625.jpeg,2
pneumonia/person1342_bacteria_3407.jpeg,2
pneumonia/person1619_bacteria_4266.jpeg,2
pneumonia/person433_bacteria_1875.jpeg,2
pneumonia/person887_bacteria_2811.jpeg,2
pneumonia/person1449_bacteria_3747.jpeg,2
pneumonia/person297_bacteria_1404.jpeg,2
pneumonia/person1453_bacteria_3770.jpeg,2
pneumonia/person70_bacteria_344.jpeg,2
pneumonia/person470_bacteria_1998.jpeg,2
pneumonia/person813_bacteria_2724.jpeg,2
pneumonia/person645_virus_1226.jpeg,2
pneumonia/person1099_bacteria_3040.jpeg,2
pneumonia/person1372_bacteria_3501.jpeg,2
pneumonia/person556_virus_1096.jpeg,2
pneumonia/person22_bacteria_77.jpeg,2
pneumonia/person598_virus_1154.jpeg,2
pneumonia/person23_bacteria_80.jpeg,2
pneumonia/person1418_bacteria_3639.jpeg,2
pneumonia/person1549_bacteria_4050.jpeg,2
pneumonia/00001749_003.png,2
pneumonia/person1168_bacteria_3115.jpeg,2
pneumonia/person490_bacteria_2068.jpeg,2
pneumonia/person459_bacteria_1957.jpeg,2
pneumonia/person1165_virus_1959.jpeg,2
pneumonia/person1447_bacteria_3741.jpeg,2
pneumonia/person84_virus_157.jpeg,2
pneumonia/person377_virus_760.jpeg,2
pneumonia/person131_virus_265.jpeg,2
pneumonia/person1702_bacteria_4506.jpeg,2
pneumonia/person670_virus_1256.jpeg,2
pneumonia/person1381_bacteria_3516.jpeg,2
pneumonia/person281_bacteria_1323.jpeg,2
pneumonia/person441_bacteria_1902.jpeg,2
pneumonia/person1457_virus_2498.jpeg,2
pneumonia/person586_bacteria_2417.jpeg,2
pneumonia/person549_bacteria_2305.jpeg,2
pneumonia/00011386_000.png,2
pneumonia/person775_virus_1404.jpeg,2
pneumonia/00025583_005.png,2
pneumonia/person301_bacteria_1427.jpeg,2
pneumonia/person23_bacteria_78.jpeg,2
pneumonia/person1328_virus_2295.jpeg,2
pneumonia/person427_bacteria_1865.jpeg,2
pneumonia/person38_bacteria_194.jpeg,2
pneumonia/00012761_007.png,2
pneumonia/person23_bacteria_79.jpeg,2
pneumonia/person627_virus_1204.jpeg,2
pneumonia/person833_virus_1469.jpeg,2
pneumonia/person1156_virus_1936.jpeg,2
pneumonia/person1002_bacteria_2933.jpeg,2
pneumonia/person27_bacteria_138.jpeg,2
pneumonia/person531_bacteria_2238.jpeg,2
pneumonia/00027784_007.png,2
pneumonia/person1270_bacteria_3230.jpeg,2
pneumonia/person946_bacteria_2871.jpeg,2
pneumonia/person1446_bacteria_3740.jpeg,2
pneumonia/person1052_virus_1751.jpeg,2
pneumonia/person487_bacteria_2059.jpeg,2
pneumonia/00019962_002.png,2
pneumonia/person975_virus_1650.jpeg,2
pneumonia/person1888_bacteria_4775.jpeg,2
pneumonia/person1459_bacteria_3797.jpeg,2
pneumonia/person281_bacteria_1327.jpeg,2
pneumonia/person581_bacteria_2392.jpeg,2
pneumonia/person903_bacteria_2828.jpeg,2
pneumonia/person1709_bacteria_4523.jpeg,2
pneumonia/person23_bacteria_82.jpeg,2
pneumonia/00009903_000.png,2
pneumonia/00021706_004.png,2
pneumonia/person292_bacteria_1378.jpeg,2
pneumonia/person712_virus_1310.jpeg,2
pneumonia/person1679_bacteria_4453.jpeg,2
pneumonia/person1615_bacteria_4249.jpeg,2
pneumonia/person801_virus_1434.jpeg,2
pneumonia/person1076_bacteria_3016.jpeg,2
pneumonia/person1907_bacteria_4806.jpeg,2
pneumonia/person263_virus_546.jpeg,2
pneumonia/person1517_bacteria_3968.jpeg,2
pneumonia/person124_virus_242.jpeg,2
pneumonia/person1771_bacteria_4615.jpeg,2
pneumonia/person923_bacteria_2848.jpeg,2
pneumonia/person613_virus_1181.jpeg,2
pneumonia/person1222_bacteria_3177.jpeg,2
pneumonia/00021127_018.png,2
pneumonia/person1071_virus_1774.jpeg,2
pneumonia/person1424_virus_2437.jpeg,2
pneumonia/person1320_bacteria_3342.jpeg,2
pneumonia/person1218_bacteria_3171.jpeg,2
pneumonia/person875_bacteria_2798.jpeg,2
pneumonia/person1922_bacteria_4830.jpeg,2
pneumonia/person669_bacteria_2561.jpeg,2
pneumonia/person1519_virus_2646.jpeg,2
pneumonia/person1352_bacteria_3443.jpeg,2
pneumonia/person1309_virus_2254.jpeg,2
pneumonia/person1411_bacteria_3599.jpeg,2
pneumonia/person1077_virus_1787.jpeg,2
pneumonia/person471_virus_967.jpeg,2
pneumonia/person1028_bacteria_2960.jpeg,2
pneumonia/person1507_bacteria_3935.jpeg,2
pneumonia/person619_bacteria_2490.jpeg,2
pneumonia/person124_virus_244.jpeg,2
pneumonia/person1243_bacteria_3199.jpeg,2
pneumonia/person1207_bacteria_3159.jpeg,2
pneumonia/person634_bacteria_2525.jpeg,2
pneumonia/person332_bacteria_1534.jpeg,2
pneumonia/00003248_007.png,2
pneumonia/person960_virus_1633.jpeg,2
pneumonia/person26_bacteria_133.jpeg,2
pneumonia/person1864_bacteria_4736.jpeg,2
pneumonia/person1455_virus_2492.jpeg,2
pneumonia/person403_bacteria_1814.jpeg,2
pneumonia/person1865_bacteria_4739.jpeg,2
pneumonia/person552_bacteria_2313.jpeg,2
pneumonia/person5_bacteria_15.jpeg,2
pneumonia/person448_bacteria_1937.jpeg,2
pneumonia/person1251_bacteria_3208.jpeg,2
pneumonia/person451_virus_932.jpeg,2
pneumonia/person1502_bacteria_3922.jpeg,2
pneumonia/person1338_bacteria_3397.jpeg,2
pneumonia/00021710_002.png,2
pneumonia/person1944_bacteria_4869.jpeg,2
pneumonia/person1413_bacteria_3613.jpeg,2
pneumonia/person55_bacteria_264.jpeg,2
pneumonia/00013070_000.png,2
pneumonia/person647_virus_1228.jpeg,2
pneumonia/00027508_001.png,2
pneumonia/00011472_001.png,2
pneumonia/00020928_000.png,2
pneumonia/person1619_bacteria_4268.jpeg,2
pneumonia/person1391_bacteria_3536.jpeg,2
pneumonia/person372_bacteria_1706.jpeg,2
pneumonia/person319_bacteria_1475.jpeg,2
pneumonia/person1411_virus_2415.jpeg,2
pneumonia/person1377_virus_2369.jpeg,2
pneumonia/person23_bacteria_107.jpeg,2
pneumonia/person969_virus_1643.jpeg,2
pneumonia/person537_bacteria_2264.jpeg,2
pneumonia/00001529_002.png,2
pneumonia/person740_bacteria_2643.jpeg,2
pneumonia/person413_bacteria_1830.jpeg,2
pneumonia/person605_bacteria_2466.jpeg,2
pneumonia/00010586_000.png,2
pneumonia/person976_virus_1651.jpeg,2
pneumonia/person567_bacteria_2354.jpeg,2
pneumonia/person990_bacteria_2917.jpeg,2
pneumonia/person1718_bacteria_4538.jpeg,2
pneumonia/person1376_virus_2367.jpeg,2
pneumonia/person1268_virus_2161.jpeg,2
pneumonia/person253_bacteria_1154.jpeg,2
pneumonia/person1639_bacteria_4344.jpeg,2
pneumonia/person1426_bacteria_3668.jpeg,2
pneumonia/person1350_virus_2329.jpeg,2
pneumonia/person1158_virus_1941.jpeg,2
pneumonia/person1494_virus_2601.jpeg,2
pneumonia/person1477_virus_2561.jpeg,2
pneumonia/00018525_000.png,2
pneumonia/person739_virus_1361.jpeg,2
pneumonia/person511_bacteria_2152.jpeg,2
pneumonia/person61_bacteria_294.jpeg,2
pneumonia/person258_virus_539.jpeg,2
pneumonia/person853_virus_1498.jpeg,2
pneumonia/person506_virus_1018.jpeg,2
pneumonia/00016705_003.png,2
pneumonia/person143_virus_289.jpeg,2
pneumonia/person868_virus_1514.jpeg,2
pneumonia/person1087_bacteria_3027.jpeg,2
pneumonia/person1474_bacteria_3837.jpeg,2
pneumonia/person1252_virus_2124.jpeg,2
pneumonia/person992_bacteria_2920.jpeg,2
pneumonia/00006717_007.png,2
pneumonia/person124_virus_234.jpeg,2
pneumonia/person296_bacteria_1394.jpeg,2
pneumonia/person797_virus_1429.jpeg,2
pneumonia/person383_virus_767.jpeg,2
pneumonia/person1243_virus_2110.jpeg,2
pneumonia/00003950_002.png,2
pneumonia/person500_bacteria_2105.jpeg,2
pneumonia/person1581_bacteria_4135.jpeg,2
pneumonia/person373_bacteria_1707.jpeg,2
pneumonia/person352_bacteria_1625.jpeg,2
pneumonia/00005638_000.png,2
pneumonia/person847_bacteria_2767.jpeg,2
pneumonia/00022192_032.png,2
pneumonia/person571_bacteria_2367.jpeg,2
pneumonia/person360_bacteria_1647.jpeg,2
pneumonia/00001582_019.png,2
pneumonia/person419_virus_857.jpeg,2
pneumonia/person1449_bacteria_3745.jpeg,2
pneumonia/person1605_bacteria_4226.jpeg,2
pneumonia/person58_bacteria_275.jpeg,2
pneumonia/person161_virus_317.jpeg,2
pneumonia/person1439_bacteria_3722.jpeg,2
pneumonia/person1450_bacteria_3753.jpeg,2
pneumonia/person626_virus_1202.jpeg,2
pneumonia/person295_virus_612.jpeg,2
pneumonia/person75_bacteria_369.jpeg,2
pneumonia/00014647_005.png,2
pneumonia/person542_bacteria_2276.jpeg,2
pneumonia/person1438_bacteria_3715.jpeg,2
pneumonia/person604_bacteria_2462.jpeg,2
pneumonia/person315_bacteria_1465.jpeg,2
pneumonia/person56_bacteria_267.jpeg,2
pneumonia/person1079_bacteria_3019.jpeg,2
pneumonia/person1158_virus_1938.jpeg,2
pneumonia/person68_bacteria_336.jpeg,2
pneumonia/00001637_001.png,2
pneumonia/00016896_012.png,2
pneumonia/person359_bacteria_1646.jpeg,2
pneumonia/person730_bacteria_2632.jpeg,2
pneumonia/00015968_000.png,2
pneumonia/person551_bacteria_2310.jpeg,2
pneumonia/person502_bacteria_2118.jpeg,2
pneumonia/person609_virus_1176.jpeg,2
pneumonia/person515_bacteria_2186.jpeg,2
pneumonia/00012158_025.png,2
pneumonia/person49_bacteria_237.jpeg,2
pneumonia/person648_virus_1230.jpeg,2
pneumonia/person255_bacteria_1175.jpeg,2
pneumonia/person1732_bacteria_4564.jpeg,2
pneumonia/person983_virus_1660.jpeg,2
pneumonia/person1582_bacteria_4137.jpeg,2
pneumonia/person440_bacteria_1897.jpeg,2
pneumonia/person719_virus_1338.jpeg,2
pneumonia/person563_bacteria_2335.jpeg,2
pneumonia/00011842_002.png,2
pneumonia/person1237_bacteria_3193.jpeg,2
pneumonia/person743_bacteria_2646.jpeg,2
pneumonia/person369_virus_750.jpeg,2
pneumonia/person1038_bacteria_2972.jpeg,2
pneumonia/00002052_002.png,2
pneumonia/person1066_virus_1769.jpeg,2
pneumonia/person1271_virus_2164.jpeg,2
pneumonia/person1600_virus_2777.jpeg,2
pneumonia/00017005_000.png,2
pneumonia/person378_virus_761.jpeg,2
pneumonia/person295_bacteria_1390.jpeg,2
pneumonia/person867_bacteria_2789.jpeg,2
pneumonia/person478_bacteria_2032.jpeg,2
pneumonia/person314_bacteria_1461.jpeg,2
pneumonia/person1261_bacteria_3219.jpeg,2
pneumonia/person1051_bacteria_2985.jpeg,2
pneumonia/person256_virus_537.jpeg,2
pneumonia/person998_bacteria_2928.jpeg,2
pneumonia/00022965_004.png,2
pneumonia/person1263_bacteria_3221.jpeg,2
pneumonia/person1044_virus_1740.jpeg,2
pneumonia/person1636_bacteria_4337.jpeg,2
pneumonia/00002360_002.png,2
pneumonia/person392_bacteria_1784.jpeg,2
pneumonia/person1363_virus_2346.jpeg,2
pneumonia/person124_virus_239.jpeg,2
pneumonia/person883_virus_1533.jpeg,2
pneumonia/00022329_001.png,2
pneumonia/person570_virus_1112.jpeg,2
pneumonia/person1124_virus_1851.jpeg,2
pneumonia/person1345_bacteria_3428.jpeg,2
pneumonia/person28_bacteria_141.jpeg,2
pneumonia/person1393_virus_2396.jpeg,2
pneumonia/person334_bacteria_1545.jpeg,2
pneumonia/person1880_bacteria_4765.jpeg,2
pneumonia/person470_bacteria_1996.jpeg,2
pneumonia/person654_bacteria_2546.jpeg,2
pneumonia/person580_bacteria_2389.jpeg,2
pneumonia/person1082_virus_1794.jpeg,2
pneumonia/person561_bacteria_2331.jpeg,2
pneumonia/person443_bacteria_1923.jpeg,2
pneumonia/person1418_bacteria_3643.jpeg,2
pneumonia/person921_virus_1578.jpeg,2
pneumonia/person1617_bacteria_4254.jpeg,2
pneumonia/person811_bacteria_2721.jpeg,2
pneumonia/person1003_bacteria_2934.jpeg,2
pneumonia/person965_bacteria_2890.jpeg,2
pneumonia/person66_bacteria_323.jpeg,2
pneumonia/00021243_001.png,2
pneumonia/person1634_bacteria_4331.jpeg,2
pneumonia/person16_bacteria_54.jpeg,2
pneumonia/person259_bacteria_1217.jpeg,2
pneumonia/person566_virus_1106.jpeg,2
pneumonia/person1565_bacteria_4095.jpeg,2
pneumonia/person1414_virus_2424.jpeg,2
pneumonia/person603_virus_1164.jpeg,2
pneumonia/00013447_012.png,2
pneumonia/person258_bacteria_1206.jpeg,2
pneumonia/person339_bacteria_1573.jpeg,2
pneumonia/person99_virus_183.jpeg,2
pneumonia/person588_virus_1134.jpeg,2
pneumonia/person12_bacteria_47.jpeg,2
pneumonia/person1597_bacteria_4190.jpeg,2
pneumonia/person537_bacteria_2265.jpeg,2
pneumonia/person325_bacteria_1500.jpeg,2
pneumonia/person1493_bacteria_3899.jpeg,2
pneumonia/person1040_bacteria_2974.jpeg,2
pneumonia/person1355_bacteria_3449.jpeg,2
pneumonia/person534_bacteria_2252.jpeg,2
pneumonia/person1242_virus_2108.jpeg,2
pneumonia/person589_bacteria_2425.jpeg,2
pneumonia/person278_bacteria_1313.jpeg,2
pneumonia/person1702_bacteria_4511.jpeg,2
pneumonia/person1459_virus_2506.jpeg,2
pneumonia/person1219_virus_2067.jpeg,2
pneumonia/person1310_virus_2255.jpeg,2
pneumonia/person1514_bacteria_3964.jpeg,2
pneumonia/00019275_001.png,2
pneumonia/person1176_bacteria_3123.jpeg,2
pneumonia/00013779_000.png,2
pneumonia/person449_bacteria_1939.jpeg,2
pneumonia/person26_bacteria_132.jpeg,2
pneumonia/person612_bacteria_2477.jpeg,2
pneumonia/person563_bacteria_2334.jpeg,2
pneumonia/person501_bacteria_2112.jpeg,2
pneumonia/person103_virus_190.jpeg,2
pneumonia/person1422_bacteria_3649.jpeg,2
pneumonia/00021584_001.png,2
pneumonia/00013611_001.png,2
pneumonia/person264_bacteria_1231.jpeg,2
pneumonia/person1219_bacteria_3172.jpeg,2
pneumonia/person564_bacteria_2345.jpeg,2
pneumonia/person124_virus_245.jpeg,2
pneumonia/person759_bacteria_2663.jpeg,2
pneumonia/person1129_virus_1857.jpeg,2
pneumonia/person1073_bacteria_3008.jpeg,2
pneumonia/00011188_002.png,2
pneumonia/person475_bacteria_2022.jpeg,2
pneumonia/person776_virus_1405.jpeg,2
pneumonia/person392_bacteria_1783.jpeg,2
pneumonia/person264_bacteria_1234.jpeg,2
pneumonia/00008397_016.png,2
pneumonia/person937_virus_1599.jpeg,2
pneumonia/00025806_005.png,2
pneumonia/person1641_bacteria_4350.jpeg,2
pneumonia/person73_bacteria_356.jpeg,2
pneumonia/person55_bacteria_260.jpeg,2
pneumonia/person437_virus_888.jpeg,2
pneumonia/person275_bacteria_1293.jpeg,2
pneumonia/person522_virus_1041.jpeg,2
pneumonia/person736_bacteria_2639.jpeg,2
pneumonia/person938_bacteria_2863.jpeg,2
pneumonia/person623_virus_1197.jpeg,2
pneumonia/person819_bacteria_2730.jpeg,2
pneumonia/person3_bacteria_12.jpeg,2
pneumonia/person1527_bacteria_3989.jpeg,2
pneumonia/person1343_virus_2316.jpeg,2
pneumonia/person1932_bacteria_4843.jpeg,2
pneumonia/person428_virus_876.jpeg,2
pneumonia/person329_virus_682.jpeg,2
pneumonia/person275_virus_565.jpeg,2
pneumonia/person935_virus_1597.jpeg,2
pneumonia/person661_virus_1245.jpeg,2
pneumonia/person775_bacteria_2679.jpeg,2
pneumonia/person1128_bacteria_3069.jpeg,2
pneumonia/person968_virus_1642.jpeg,2
pneumonia/00013272_005.png,2
pneumonia/person924_bacteria_2849.jpeg,2
pneumonia/person1590_bacteria_4176.jpeg,2
pneumonia/person498_virus_1007.jpeg,2
pneumonia/person1383_virus_2377.jpeg,2
pneumonia/person1273_bacteria_3234.jpeg,2
pneumonia/00026085_000.png,2
pneumonia/person556_bacteria_2326.jpeg,2
pneumonia/person1229_virus_2080.jpeg,2
pneumonia/person525_virus_1046.jpeg,2
pneumonia/person1460_bacteria_3801.jpeg,2
pneumonia/person1669_bacteria_4424.jpeg,2
pneumonia/person433_bacteria_1874.jpeg,2
pneumonia/person1730_bacteria_4559.jpeg,2
pneumonia/person431_bacteria_1872.jpeg,2
pneumonia/person846_virus_1491.jpeg,2
pneumonia/person1683_bacteria_4460.jpeg,2
pneumonia/person1211_bacteria_3163.jpeg,2
pneumonia/00005673_003.png,2
pneumonia/person276_bacteria_1295.jpeg,2
pneumonia/person487_bacteria_2056.jpeg,2
pneumonia/person808_bacteria_2716.jpeg,2
pneumonia/person866_bacteria_2788.jpeg,2
pneumonia/00000583_045.png,2
pneumonia/person361_bacteria_1651.jpeg,2
pneumonia/person1488_bacteria_3887.jpeg,2
pneumonia/person1679_bacteria_4449.jpeg,2
pneumonia/person894_bacteria_2819.jpeg,2
pneumonia/person1460_virus_2507.jpeg,2
pneumonia/person504_bacteria_2130.jpeg,2
pneumonia/person1689_bacteria_4472.jpeg,2
pneumonia/person1303_bacteria_3267.jpeg,2
pneumonia/person294_virus_610.jpeg,2
pneumonia/person1896_bacteria_4788.jpeg,2
pneumonia/person401_virus_795.jpeg,2
pneumonia/00027648_005.png,2
pneumonia/person278_bacteria_1314.jpeg,2
pneumonia/person294_bacteria_1386.jpeg,2
pneumonia/person1377_bacteria_3512.jpeg,2
pneumonia/person553_bacteria_2317.jpeg,2
pneumonia/person1261_virus_2147.jpeg,2
pneumonia/person440_virus_893.jpeg,2
pneumonia/person405_virus_805.jpeg,2
pneumonia/person781_virus_1412.jpeg,2
pneumonia/person660_bacteria_2552.jpeg,2
pneumonia/person1321_virus_2279.jpeg,2
pneumonia/person278_bacteria_1309.jpeg,2
pneumonia/person467_virus_961.jpeg,2
pneumonia/person1438_bacteria_3718.jpeg,2
pneumonia/person319_virus_645.jpeg,2
pneumonia/person1454_bacteria_3774.jpeg,2
pneumonia/person1311_virus_2257.jpeg,2
pneumonia/person1407_virus_2410.jpeg,2
pneumonia/00017659_000.png,2
pneumonia/person537_bacteria_2261.jpeg,2
pneumonia/person1679_bacteria_4450.jpeg,2
pneumonia/person472_bacteria_2014.jpeg,2
pneumonia/person25_bacteria_119.jpeg,2
pneumonia/person71_bacteria_348.jpeg,2
pneumonia/person1316_virus_2271.jpeg,2
pneumonia/person758_bacteria_2662.jpeg,2
pneumonia/person440_bacteria_1898.jpeg,2
pneumonia/person1619_bacteria_4262.jpeg,2
pneumonia/person773_virus_1402.jpeg,2
pneumonia/00016291_015.png,2
pneumonia/person1661_bacteria_4406.jpeg,2
pneumonia/person1510_virus_2629.jpeg,2
pneumonia/person1040_virus_1735.jpeg,2
pneumonia/person714_bacteria_2615.jpeg,2
pneumonia/person1467_virus_2544.jpeg,2
pneumonia/00021706_005.png,2
pneumonia/person1787_bacteria_4634.jpeg,2
pneumonia/person742_virus_1365.jpeg,2
pneumonia/person584_virus_1128.jpeg,2
pneumonia/person870_bacteria_2792.jpeg,2
pneumonia/person980_bacteria_2906.jpeg,2
pneumonia/person23_bacteria_85.jpeg,2
pneumonia/person30_bacteria_152.jpeg,2
pneumonia/person545_bacteria_2287.jpeg,2
pneumonia/person1365_bacteria_3489.jpeg,2
pneumonia/person502_bacteria_2121.jpeg,2
pneumonia/person1010_virus_1695.jpeg,2
pneumonia/person1746_bacteria_4585.jpeg,2
pneumonia/person1648_bacteria_4373.jpeg,2
pneumonia/person1375_bacteria_3509.jpeg,2
pneumonia/person1486_bacteria_3881.jpeg,2
pneumonia/person1114_bacteria_3055.jpeg,2
pneumonia/person276_virus_569.jpeg,2
pneumonia/person927_virus_1584.jpeg,2
pneumonia/person1720_bacteria_4545.jpeg,2
pneumonia/person1740_bacteria_4579.jpeg,2
pneumonia/person291_bacteria_1374.jpeg,2
pneumonia/person31_bacteria_160.jpeg,2
pneumonia/person1349_bacteria_3436.jpeg,2
pneumonia/person30_bacteria_147.jpeg,2
pneumonia/person316_bacteria_1469.jpeg,2
pneumonia/00007992_006.png,2
pneumonia/person994_virus_1672.jpeg,2
pneumonia/person1777_bacteria_4622.jpeg,2
pneumonia/person321_bacteria_1487.jpeg,2
pneumonia/00001317_002.png,2
pneumonia/person259_virus_540.jpeg,2
pneumonia/person77_bacteria_374.jpeg,2
pneumonia/person1371_virus_2362.jpeg,2
pneumonia/person677_virus_1268.jpeg,2
pneumonia/person755_bacteria_2659.jpeg,2
pneumonia/person3_bacteria_11.jpeg,2
pneumonia/person154_virus_305.jpeg,2
pneumonia/person31_bacteria_163.jpeg,2
pneumonia/00008401_006.png,2
pneumonia/person1721_bacteria_4546.jpeg,2
pneumonia/person1395_virus_2398.jpeg,2
pneumonia/person255_bacteria_1165.jpeg,2
pneumonia/person1717_bacteria_4534.jpeg,2
pneumonia/person1197_bacteria_3147.jpeg,2
pneumonia/00007787_001.png,2
pneumonia/person266_bacteria_1248.jpeg,2
pneumonia/person1737_bacteria_4573.jpeg,2
pneumonia/person579_virus_1123.jpeg,2
pneumonia/person522_bacteria_2210.jpeg,2
pneumonia/person30_bacteria_146.jpeg,2
pneumonia/person321_bacteria_1484.jpeg,2
pneumonia/person1408_bacteria_3579.jpeg,2
pneumonia/person475_bacteria_2021.jpeg,2
pneumonia/person1023_bacteria_2954.jpeg,2
pneumonia/person1906_bacteria_4803.jpeg,2
pneumonia/person456_virus_943.jpeg,2
pneumonia/person1611_bacteria_4241.jpeg,2
pneumonia/person467_bacteria_1989.jpeg,2
pneumonia/person316_virus_641.jpeg,2
pneumonia/person1087_virus_1799.jpeg,2
pneumonia/00028764_002.png,2
pneumonia/person1470_bacteria_3829.jpeg,2
pneumonia/person25_bacteria_117.jpeg,2
pneumonia/person334_bacteria_1541.jpeg,2
pneumonia/person450_virus_931.jpeg,2
pneumonia/person1507_bacteria_3943.jpeg,2
pneumonia/person834_bacteria_2748.jpeg,2
pneumonia/person1343_bacteria_3415.jpeg,2
pneumonia/person1425_virus_2438.jpeg,2
pneumonia/person368_bacteria_1668.jpeg,2
pneumonia/person425_bacteria_1860.jpeg,2
pneumonia/person294_bacteria_1383.jpeg,2
pneumonia/00005778_001.png,2
pneumonia/person735_virus_1356.jpeg,2
pneumonia/person1403_bacteria_3559.jpeg,2
pneumonia/00011882_000.png,2
pneumonia/person1518_bacteria_3969.jpeg,2
pneumonia/person1527_virus_2661.jpeg,2
pneumonia/00008727_009.png,2
pneumonia/person1037_bacteria_2971.jpeg,2
pneumonia/person154_virus_306.jpeg,2
pneumonia/person1127_bacteria_3068.jpeg,2
pneumonia/person662_virus_1246.jpeg,2
pneumonia/person485_virus_988.jpeg,2
pneumonia/person929_virus_1588.jpeg,2
pneumonia/person752_virus_1377.jpeg,2
pneumonia/00016362_000.png,2
pneumonia/person1929_bacteria_4839.jpeg,2
pneumonia/person481_bacteria_2042.jpeg,2
pneumonia/person496_virus_1003.jpeg,2
pneumonia/person1838_bacteria_4703.jpeg,2
pneumonia/person73_bacteria_358.jpeg,2
pneumonia/person1529_virus_2663.jpeg,2
pneumonia/person300_bacteria_1423.jpeg,2
pneumonia/person525_bacteria_2217.jpeg,2
pneumonia/person531_bacteria_2235.jpeg,2
pneumonia/00000218_001.png,2
pneumonia/person1102_bacteria_3043.jpeg,2
pneumonia/person1144_bacteria_3089.jpeg,2
pneumonia/person280_bacteria_1321.jpeg,2
pneumonia/person1559_bacteria_4067.jpeg,2
pneumonia/00005639_003.png,2
pneumonia/person370_virus_752.jpeg,2
pneumonia/person1526_bacteria_3986.jpeg,2
pneumonia/person31_bacteria_162.jpeg,2
pneumonia/person1884_bacteria_4771.jpeg,2
pneumonia/00020076_002.png,2
pneumonia/person362_virus_741.jpeg,2
pneumonia/person1496_bacteria_3907.jpeg,2
pneumonia/person354_bacteria_1633.jpeg,2
pneumonia/person1543_virus_2684.jpeg,2
pneumonia/person520_bacteria_2204.jpeg,2
pneumonia/person1242_virus_2109.jpeg,2
pneumonia/person1468_bacteria_3822.jpeg,2
pneumonia/person291_bacteria_1377.jpeg,2
pneumonia/person616_bacteria_2487.jpeg,2
pneumonia/person24_bacteria_112.jpeg,2
pneumonia/person325_virus_661.jpeg,2
pneumonia/person509_bacteria_2146.jpeg,2
pneumonia/person75_bacteria_365.jpeg,2
pneumonia/00009323_005.png,2
pneumonia/person262_virus_544.jpeg,2
pneumonia/person1121_virus_1846.jpeg,2
pneumonia/person1648_bacteria_4376.jpeg,2
pneumonia/person1405_virus_2408.jpeg,2
pneumonia/person46_bacteria_225.jpeg,2
pneumonia/person766_bacteria_2670.jpeg,2
pneumonia/person888_virus_1538.jpeg,2
pneumonia/person1272_virus_2190.jpeg,2
pneumonia/person1058_bacteria_2992.jpeg,2
pneumonia/person465_bacteria_1982.jpeg,2
pneumonia/person1188_bacteria_3137.jpeg,2
pneumonia/person145_virus_295.jpeg,2
pneumonia/person27_bacteria_135.jpeg,2
pneumonia/person1494_bacteria_3901.jpeg,2
pneumonia/person1535_virus_2672.jpeg,2
pneumonia/person1188_virus_2024.jpeg,2
pneumonia/person1315_virus_2270.jpeg,2
pneumonia/person135_virus_271.jpeg,2
pneumonia/person51_bacteria_241.jpeg,2
pneumonia/person311_virus_634.jpeg,2
pneumonia/person135_virus_270.jpeg,2
pneumonia/person445_virus_915.jpeg,2
pneumonia/person70_bacteria_343.jpeg,2
pneumonia/person257_bacteria_1195.jpeg,2
pneumonia/person1670_bacteria_4431.jpeg,2
pneumonia/person146_virus_296.jpeg,2
pneumonia/person419_virus_859.jpeg,2
pneumonia/person24_bacteria_109.jpeg,2
pneumonia/person310_bacteria_1450.jpeg,2
pneumonia/00017231_001.png,2
pneumonia/00001855_008.png,2
pneumonia/00012297_004.png,2
pneumonia/person1685_bacteria_4465.jpeg,2
pneumonia/person38_bacteria_192.jpeg,2
pneumonia/person743_virus_1366.jpeg,2
pneumonia/00014958_001.png,2
pneumonia/person372_bacteria_1704.jpeg,2
pneumonia/person984_bacteria_2911.jpeg,2
pneumonia/person1537_bacteria_4020.jpeg,2
pneumonia/person1208_bacteria_3160.jpeg,2
pneumonia/person48_bacteria_231.jpeg,2
pneumonia/person441_virus_895.jpeg,2
pneumonia/person326_virus_675.jpeg,2
pneumonia/person124_virus_233.jpeg,2
pneumonia/person102_virus_189.jpeg,2
pneumonia/person963_virus_1636.jpeg,2
pneumonia/person292_virus_597.jpeg,2
pneumonia/person387_bacteria_1769.jpeg,2
pneumonia/person565_virus_1105.jpeg,2
pneumonia/00012733_000.png,2
pneumonia/person1868_bacteria_4743.jpeg,2
pneumonia/person1404_bacteria_3561.jpeg,2
pneumonia/person1211_virus_2056.jpeg,2
pneumonia/person307_bacteria_1441.jpeg,2
pneumonia/person764_bacteria_2668.jpeg,2
pneumonia/person550_virus_1090.jpeg,2
pneumonia/person1580_virus_2739.jpeg,2
pneumonia/00017652_000.png,2
pneumonia/00019169_001.png,2
pneumonia/person1343_bacteria_3411.jpeg,2
pneumonia/person1024_virus_1716.jpeg,2
pneumonia/person1626_bacteria_4291.jpeg,2
pneumonia/person1378_bacteria_3513.jpeg,2
pneumonia/person29_bacteria_144.jpeg,2
pneumonia/person1297_bacteria_3260.jpeg,2
pneumonia/00016705_002.png,2
pneumonia/person428_bacteria_1869.jpeg,2
pneumonia/00025383_001.png,2
pneumonia/person1024_bacteria_2955.jpeg,2
pneumonia/person849_bacteria_2770.jpeg,2
pneumonia/person1343_bacteria_3418.jpeg,2
pneumonia/person596_bacteria_2440.jpeg,2
pneumonia/person1163_virus_1951.jpeg,2
pneumonia/person966_virus_1639.jpeg,2
pneumonia/person35_bacteria_178.jpeg,2
pneumonia/00016213_007.png,2
pneumonia/00002118_009.png,2
pneumonia/person1083_virus_1795.jpeg,2
pneumonia/00003211_000.png,2
pneumonia/person581_bacteria_2394.jpeg,2
pneumonia/person1507_bacteria_3946.jpeg,2
pneumonia/person413_bacteria_1828.jpeg,2
pneumonia/00013818_000.png,2
pneumonia/person1381_virus_2375.jpeg,2
pneumonia/person826_virus_1462.jpeg,2
pneumonia/person462_bacteria_1961.jpeg,2
pneumonia/00002451_007.png,2
pneumonia/person724_virus_1344.jpeg,2
pneumonia/person502_virus_1011.jpeg,2
pneumonia/person385_bacteria_1765.jpeg,2
pneumonia/person767_bacteria_2671.jpeg,2
pneumonia/person723_virus_1342.jpeg,2
pneumonia/person641_virus_1222.jpeg,2
pneumonia/person1313_bacteria_3320.jpeg,2
pneumonia/person96_virus_178.jpeg,2
pneumonia/person1238_virus_2098.jpeg,2
pneumonia/person675_bacteria_2569.jpeg,2
pneumonia/person509_virus_1025.jpeg,2
pneumonia/person1637_bacteria_4339.jpeg,2
pneumonia/person1538_bacteria_4021.jpeg,2
normal/00000239_004.png,0
normal/00000505_000.png,0
normal/00000093_002.png,0
normal/00000109_004.png,0
normal/00000283_000.png,0
normal/00000188_000.png,0
normal/00001013_000.png,0
normal/00000646_002.png,0
normal/00000318_008.png,0
normal/00001016_000.png,0
normal/00000148_000.png,0
normal/00000946_000.png,0
normal/00000743_003.png,0
normal/00000151_002.png,0
normal/00000865_008.png,0
normal/00000623_005.png,0
normal/00000373_001.png,0
normal/00000877_034.png,0
normal/00000606_000.png,0
normal/00000736_000.png,0
normal/00000121_003.png,0
normal/00000347_000.png,0
normal/00000894_000.png,0
normal/00001065_001.png,0
normal/00000398_005.png,0
normal/00000623_008.png,0
normal/00000127_000.png,0
normal/00000632_012.png,0
normal/00000139_000.png,0
normal/00001068_000.png,0
normal/00000505_001.png,0
normal/00000745_002.png,0
normal/00001003_001.png,0
normal/00000047_002.png,0
normal/00001033_000.png,0
normal/00000386_000.png,0
normal/00000662_008.png,0
normal/00000317_004.png,0
normal/00000427_001.png,0
normal/00000550_000.png,0
normal/00000459_025.png,0
normal/00000662_003.png,0
normal/00000631_007.png,0
normal/00000939_000.png,0
normal/00000494_003.png,0
normal/00000667_000.png,0
normal/00000755_000.png,0
normal/00000331_002.png,0
normal/00000911_001.png,0
normal/00000362_001.png,0
normal/00000694_000.png,0
normal/00000108_000.png,0
normal/00000798_008.png,0
normal/00000617_000.png,0
normal/00000552_000.png,0
normal/00000772_001.png,0
normal/00000673_000.png,0
normal/00000764_002.png,0
normal/00000953_000.png,0
normal/00001004_001.png,0
normal/00000412_001.png,0
normal/00000634_007.png,0
normal/00000105_000.png,0
normal/00000524_000.png,0
normal/00000288_003.png,0
normal/00000701_000.png,0
normal/00000005_003.png,0
normal/00001032_000.png,0
normal/00000851_000.png,0
normal/00000278_009.png,0
normal/00000289_004.png,0
normal/00001019_001.png,0
normal/00000530_000.png,0
normal/00000823_004.png,0
normal/00000919_000.png,0
normal/00000239_001.png,0
normal/00000798_000.png,0
normal/00000310_002.png,0
normal/00000459_015.png,0
normal/00000391_002.png,0
normal/00000963_021.png,0
normal/00000917_000.png,0
normal/00000094_000.png,0
normal/00000289_005.png,0
normal/00000796_000.png,0
normal/00000047_000.png,0
normal/00000414_000.png,0
normal/00000972_001.png,0
normal/00000278_004.png,0
normal/00000132_000.png,0
normal/00000542_000.png,0
normal/00000792_001.png,0
normal/00000447_000.png,0
normal/00000549_002.png,0
normal/00000049_001.png,0
normal/00000662_005.png,0
normal/00000180_001.png,0
normal/00000793_000.png,0
normal/00000684_000.png,0
normal/00000152_000.png,0
normal/00000494_007.png,0
normal/00000725_000.png,0
normal/00000172_003.png,0
normal/00000362_000.png,0
normal/00000246_019.png,0
normal/00000772_004.png,0
normal/00000623_001.png,0
normal/00000974_004.png,0
normal/00000827_001.png,0
normal/00000580_004.png,0
normal/00000205_000.png,0
normal/00000434_000.png,0
normal/00000633_000.png,0
normal/00001006_005.png,0
normal/00000645_001.png,0
normal/00000974_010.png,0
normal/00000553_000.png,0
normal/00000148_003.png,0
normal/00000727_008.png,0
normal/00000472_000.png,0
normal/00000113_000.png,0
normal/00000498_002.png,0
normal/00000192_000.png,0
normal/00000109_005.png,0
normal/00000359_001.png,0
normal/00000541_003.png,0
normal/00000405_000.png,0
normal/00000073_005.png,0
normal/00000963_022.png,0
normal/00000324_012.png,0
normal/00000682_004.png,0
normal/00000996_005.png,0
normal/00000665_000.png,0
normal/00000613_001.png,0
normal/00000436_000.png,0
normal/00000623_000.png,0
normal/00000301_000.png,0
normal/00001018_003.png,0
normal/00000031_000.png,0
normal/00000647_000.png,0
normal/00000503_000.png,0
normal/00000288_001.png,0
normal/00000246_000.png,0
normal/00000213_001.png,0
normal/00000621_000.png,0
normal/00000865_010.png,0
normal/00000177_003.png,0
normal/00000265_004.png,0
normal/00000845_003.png,0
normal/00000437_000.png,0
normal/00000996_002.png,0
normal/00000500_008.png,0
normal/00000538_001.png,0
normal/00000634_006.png,0
normal/00000765_002.png,0
normal/00000449_002.png,0
normal/00000584_000.png,0
normal/00000412_003.png,0
normal/00000995_000.png,0
normal/00000228_000.png,0
normal/00000296_003.png,0
normal/00000652_008.png,0
normal/00000974_000.png,0
normal/00000696_000.png,0
normal/00000583_004.png,0
normal/00000239_003.png,0
normal/00000126_000.png,0
normal/00000073_001.png,0
normal/00000057_003.png,0
normal/00000841_001.png,0
normal/00000054_003.png,0
normal/00000794_000.png,0
normal/00000238_001.png,0
normal/00000905_000.png,0
normal/00000143_010.png,0
normal/00000081_000.png,0
normal/00000938_000.png,0
normal/00000549_004.png,0
normal/00000278_000.png,0
normal/00000912_000.png,0
normal/00000845_002.png,0
normal/00000257_000.png,0
normal/00000869_001.png,0
normal/00000385_003.png,0
normal/00000544_000.png,0
normal/00000748_000.png,0
normal/00000390_000.png,0
normal/00000805_001.png,0
normal/00000554_001.png,0
normal/00001052_000.png,0
normal/00001023_002.png,0
normal/00000272_001.png,0
normal/00000231_010.png,0
normal/00000809_004.png,0
normal/00000861_003.png,0
normal/00000054_009.png,0
normal/00000466_002.png,0
normal/00000621_007.png,0
normal/00001062_000.png,0
normal/00000980_001.png,0
normal/00000401_000.png,0
normal/00000292_000.png,0
normal/00000269_001.png,0
normal/00000798_003.png,0
normal/00000720_001.png,0
normal/00000318_004.png,0
normal/00000830_006.png,0
normal/00000146_000.png,0
normal/00000035_000.png,0
normal/00001059_004.png,0
normal/00000732_003.png,0
normal/00000682_003.png,0
normal/00000702_003.png,0
normal/00000632_000.png,0
normal/00000037_000.png,0
normal/00000857_008.png,0
normal/00000371_000.png,0
normal/00000359_000.png,0
normal/00000455_000.png,0
normal/00000359_005.png,0
normal/00000654_000.png,0
normal/00000445_000.png,0
normal/00000709_000.png,0
normal/00000877_033.png,0
normal/00000237_000.png,0
normal/00001020_000.png,0
normal/00000394_000.png,0
normal/00000540_000.png,0
normal/00000370_001.png,0
normal/00000697_005.png,0
normal/00001007_000.png,0
normal/00000500_005.png,0
normal/00000717_000.png,0
normal/00000334_005.png,0
normal/00000648_000.png,0
normal/00000795_000.png,0
normal/00000013_014.png,0
normal/00000624_004.png,0
normal/00000914_000.png,0
normal/00000041_004.png,0
normal/00000631_000.png,0
normal/00000083_000.png,0
normal/00001019_005.png,0
normal/00000731_005.png,0
normal/00000620_001.png,0
normal/00000623_003.png,0
normal/00000348_004.png,0
normal/00000652_000.png,0
normal/00000321_003.png,0
normal/00000571_003.png,0
normal/00000231_013.png,0
normal/00001000_001.png,0
normal/00000380_000.png,0
normal/00000526_000.png,0
normal/00000481_001.png,0
normal/00000461_001.png,0
normal/00000810_000.png,0
normal/00000073_004.png,0
normal/00000446_001.png,0
normal/00000971_003.png,0
normal/00000486_001.png,0
normal/00000577_001.png,0
normal/00000359_004.png,0
normal/00000121_001.png,0
normal/00000977_000.png,0
normal/00000857_002.png,0
normal/00000494_002.png,0
normal/00000376_003.png,0
normal/00000163_000.png,0
normal/00000106_000.png,0
normal/00000545_005.png,0
normal/00000753_000.png,0
normal/00000327_000.png,0
normal/00000289_001.png,0
normal/00000743_001.png,0
normal/00000545_007.png,0
normal/00000477_000.png,0
normal/00000850_000.png,0
normal/00000949_006.png,0
normal/00000005_000.png,0
normal/00000439_000.png,0
normal/00000345_000.png,0
normal/00000475_000.png,0
normal/00000561_003.png,0
normal/00000121_000.png,0
normal/00000057_000.png,0
normal/00000659_002.png,0
normal/00000820_018.png,0
normal/00000752_000.png,0
normal/00000936_000.png,0
normal/00000597_002.png,0
normal/00000781_008.png,0
normal/00000613_004.png,0
normal/00000463_000.png,0
normal/00000577_002.png,0
normal/00000502_015.png,0
normal/00000765_005.png,0
normal/00000278_007.png,0
normal/00000747_000.png,0
normal/00000901_005.png,0
normal/00000391_005.png,0
normal/00000576_002.png,0
normal/00000391_009.png,0
normal/00000234_000.png,0
normal/00000393_000.png,0
normal/00000300_000.png,0
normal/00000281_001.png,0
normal/00000092_000.png,0
normal/00000187_002.png,0
normal/00000870_002.png,0
normal/00001045_002.png,0
normal/00001055_005.png,0
normal/00000979_001.png,0
normal/00000250_002.png,0
normal/00000190_002.png,0
normal/00000218_003.png,0
normal/00000285_000.png,0
normal/00000500_009.png,0
normal/00000676_001.png,0
normal/00000149_008.png,0
normal/00000625_001.png,0
normal/00000168_000.png,0
normal/00001070_001.png,0
normal/00000846_000.png,0
normal/00000373_000.png,0
normal/00000213_005.png,0
normal/00000387_002.png,0
normal/00000692_000.png,0
normal/00000348_009.png,0
normal/00000541_002.png,0
normal/00000080_005.png,0
normal/00000829_000.png,0
normal/00000830_005.png,0
normal/00000861_000.png,0
normal/00000646_005.png,0
normal/00000628_000.png,0
normal/00000335_000.png,0
normal/00000073_007.png,0
normal/00000556_001.png,0
normal/00000457_000.png,0
normal/00000590_000.png,0
normal/00000418_003.png,0
normal/00000494_006.png,0
normal/00000417_002.png,0
normal/00000498_000.png,0
normal/00000723_000.png,0
normal/00000731_007.png,0
normal/00000914_005.png,0
normal/00000754_000.png,0
normal/00000285_003.png,0
normal/00001019_006.png,0
normal/00000136_000.png,0
normal/00001068_002.png,0
normal/00000181_057.png,0
normal/00000870_000.png,0
normal/00000105_001.png,0
normal/00000229_000.png,0
normal/00000199_003.png,0
normal/00001052_004.png,0
normal/00000289_002.png,0
normal/00000878_000.png,0
normal/00001059_008.png,0
normal/00000384_000.png,0
normal/00000726_000.png,0
normal/00000541_000.png,0
normal/00000611_000.png,0
normal/00000299_000.png,0
normal/00000603_000.png,0
normal/00001070_000.png,0
normal/00000731_008.png,0
normal/00000065_000.png,0
normal/00000285_004.png,0
normal/00000868_000.png,0
normal/00000573_009.png,0
normal/00001015_000.png,0
normal/00000166_000.png,0
normal/00000926_000.png,0
normal/00000151_000.png,0
normal/00000449_001.png,0
normal/00000566_000.png,0
normal/00000533_000.png,0
normal/00000561_000.png,0
normal/00000206_001.png,0
normal/00000699_000.png,0
normal/00000151_001.png,0
normal/00000543_000.png,0
normal/00000996_004.png,0
normal/00000139_001.png,0
normal/00000491_005.png,0
normal/00000249_000.png,0
normal/00000809_000.png,0
normal/00000165_000.png,0
normal/00001003_000.png,0
normal/00000538_005.png,0
normal/00000634_005.png,0
normal/00000870_009.png,0
normal/00000459_028.png,0
normal/00000449_000.png,0
normal/00000035_001.png,0
normal/00000909_000.png,0
normal/00000876_000.png,0
normal/00000197_002.png,0
normal/00000188_001.png,0
normal/00000741_002.png,0
normal/00000318_005.png,0
normal/00001037_000.png,0
normal/00000632_004.png,0
normal/00000872_000.png,0
normal/00000263_000.png,0
normal/00000772_006.png,0
normal/00000350_000.png,0
normal/00000690_000.png,0
normal/00000220_000.png,0
normal/00000547_007.png,0
normal/00000280_000.png,0
normal/00000177_002.png,0
normal/00000144_000.png,0
normal/00000054_008.png,0
normal/00000138_001.png,0
normal/00000231_008.png,0
normal/00000468_048.png,0
normal/00000976_003.png,0
normal/00000517_004.png,0
normal/00000663_000.png,0
normal/00000468_042.png,0
normal/00000362_004.png,0
normal/00000039_001.png,0
normal/00000273_001.png,0
normal/00000662_004.png,0
normal/00001009_000.png,0
normal/00000176_000.png,0
normal/00001021_002.png,0
normal/00000855_000.png,0
normal/00000138_003.png,0
normal/00000395_000.png,0
normal/00000804_000.png,0
normal/00000623_004.png,0
normal/00000991_000.png,0
normal/00000791_000.png,0
normal/00000722_000.png,0
normal/00000184_001.png,0
normal/00000359_010.png,0
normal/00000820_020.png,0
normal/00000332_000.png,0
normal/00000196_000.png,0
normal/00000699_001.png,0
normal/00000882_006.png,0
normal/00000996_001.png,0
normal/00000376_012.png,0
normal/00000976_000.png,0
normal/00000170_000.png,0
normal/00000551_000.png,0
normal/00000242_003.png,0
normal/00000877_007.png,0
normal/00000908_001.png,0
normal/00000121_008.png,0
normal/00000197_003.png,0
normal/00000474_000.png,0
normal/00000516_000.png,0
normal/00000213_000.png,0
normal/00000741_001.png,0
normal/00000459_014.png,0
normal/00000796_003.png,0
normal/00000882_004.png,0
normal/00000994_000.png,0
normal/00000841_000.png,0
normal/00000201_000.png,0
normal/00001072_002.png,0
normal/00000944_000.png,0
normal/00000298_000.png,0
normal/00000931_000.png,0
normal/00000782_003.png,0
normal/00000927_000.png,0
normal/00000447_002.png,0
normal/00000937_005.png,0
normal/00000067_002.png,0
normal/00000749_000.png,0
normal/00001047_000.png,0
normal/00000138_000.png,0
normal/00000570_000.png,0
normal/00000541_004.png,0
normal/00000613_002.png,0
normal/00000468_044.png,0
normal/00000862_000.png,0
normal/00000557_000.png,0
normal/00000359_006.png,0
normal/00000304_000.png,0
normal/00000621_008.png,0
normal/00000517_005.png,0
normal/00000456_000.png,0
normal/00000013_015.png,0
normal/00000504_000.png,0
normal/00000360_001.png,0
normal/00000129_001.png,0
normal/00000631_006.png,0
normal/00000683_003.png,0
normal/00000761_008.png,0
normal/00000011_003.png,0
normal/00000628_002.png,0
normal/00000334_003.png,0
normal/00000410_001.png,0
normal/00000709_003.png,0
normal/00000142_000.png,0
normal/00000294_001.png,0
normal/00000826_000.png,0
normal/00000265_005.png,0
normal/00000817_000.png,0
normal/00000319_000.png,0
normal/00000459_019.png,0
normal/00000506_011.png,0
normal/00000714_000.png,0
normal/00000459_021.png,0
normal/00000903_000.png,0
normal/00000055_000.png,0
normal/00000444_003.png,0
normal/00000265_002.png,0
normal/00000348_001.png,0
normal/00000531_004.png,0
normal/00000817_001.png,0
normal/00000710_006.png,0
normal/00000348_003.png,0
normal/00000694_003.png,0
normal/00000321_005.png,0
normal/00000739_001.png,0
normal/00000348_005.png,0
normal/00000702_000.png,0
normal/00000141_000.png,0
normal/00000272_004.png,0
normal/00000177_000.png,0
normal/00001035_000.png,0
normal/00000242_004.png,0
normal/00000788_000.png,0
normal/00000860_000.png,0
normal/00000556_002.png,0
normal/00000731_004.png,0
normal/00000498_001.png,0
normal/00000370_009.png,0
normal/00000468_051.png,0
normal/00000805_002.png,0
normal/00000545_003.png,0
normal/00000453_000.png,0
normal/00000685_000.png,0
normal/00000509_001.png,0
normal/00000885_000.png,0
normal/00000070_000.png,0
normal/00000857_003.png,0
normal/00000397_000.png,0
normal/00000651_000.png,0
normal/00000547_001.png,0
normal/00000448_001.png,0
normal/00000911_003.png,0
normal/00000974_008.png,0
normal/00001018_001.png,0
normal/00000362_002.png,0
normal/00000818_000.png,0
normal/00000456_001.png,0
normal/00000197_001.png,0
normal/00000118_008.png,0
normal/00000985_000.png,0
normal/00000248_025.png,0
normal/00000794_001.png,0
normal/00000705_001.png,0
normal/00000135_000.png,0
normal/00000877_001.png,0
normal/00000073_008.png,0
normal/00000420_001.png,0
normal/00000165_008.png,0
normal/00000311_001.png,0
normal/00000289_006.png,0
normal/00000654_001.png,0
normal/00000523_000.png,0
normal/00000860_001.png,0
normal/00000769_000.png,0
normal/00000195_000.png,0
normal/00000486_000.png,0
normal/00000459_000.png,0
normal/00000660_000.png,0
normal/00000194_001.png,0
normal/00000308_000.png,0
normal/00000731_002.png,0
normal/00000531_005.png,0
normal/00000613_003.png,0
normal/00000563_000.png,0
normal/00000621_011.png,0
normal/00000273_008.png,0
normal/00000190_001.png,0
normal/00000518_000.png,0
normal/00000121_005.png,0
normal/00000468_057.png,0
normal/00000174_000.png,0
normal/00000634_002.png,0
normal/00000014_000.png,0
normal/00000267_000.png,0
normal/00000211_020.png,0
normal/00000709_004.png,0
normal/00000422_001.png,0
normal/00000322_012.png,0
normal/00000796_006.png,0
normal/00000194_000.png,0
normal/00000901_001.png,0
normal/00000155_001.png,0
normal/00000552_003.png,0
normal/00000716_002.png,0
normal/00000757_002.png,0
normal/00000619_000.png,0
normal/00001055_007.png,0
normal/00000382_001.png,0
normal/00000619_002.png,0
normal/00000914_004.png,0
normal/00000704_002.png,0
normal/00001068_003.png,0
normal/00000272_003.png,0
normal/00000646_007.png,0
normal/00000317_002.png,0
normal/00000449_003.png,0
normal/00000500_000.png,0
normal/00000242_001.png,0
normal/00000621_003.png,0
normal/00000542_001.png,0
normal/00000618_003.png,0
normal/00000059_001.png,0
normal/00000771_000.png,0
normal/00000521_000.png,0
normal/00000571_002.png,0
normal/00000005_005.png,0
normal/00001006_008.png,0
normal/00000612_000.png,0
normal/00000225_000.png,0
normal/00000255_000.png,0
normal/00000664_000.png,0
normal/00000705_002.png,0
normal/00000633_001.png,0
normal/00000327_001.png,0
normal/00000190_004.png,0
normal/00000869_009.png,0
normal/00000243_000.png,0
normal/00000459_057.png,0
normal/00000621_009.png,0
normal/00000007_000.png,0
normal/00000712_000.png,0
normal/00000555_000.png,0
normal/00000218_008.png,0
normal/00001040_002.png,0
normal/00000318_006.png,0
normal/00000459_009.png,0
normal/00000278_005.png,0
normal/00000911_000.png,0
normal/00000013_038.png,0
normal/00000372_010.png,0
normal/00000742_003.png,0
normal/00000204_003.png,0
normal/00000422_000.png,0
normal/00000777_000.png,0
normal/00000899_000.png,0
normal/00000211_003.png,0
normal/00000376_013.png,0
normal/00000317_001.png,0
normal/00000265_003.png,0
normal/00000143_003.png,0
normal/00000059_000.png,0
normal/00000979_002.png,0
normal/00000422_004.png,0
normal/00000280_001.png,0
normal/00000962_000.png,0
normal/00000118_012.png,0
normal/00000023_003.png,0
normal/00000090_006.png,0
normal/00000510_000.png,0
normal/00000227_000.png,0
normal/00000729_000.png,0
normal/00000011_001.png,0
normal/00000808_004.png,0
normal/00000318_007.png,0
normal/00000086_000.png,0
normal/00000376_011.png,0
normal/00000548_000.png,0
normal/00000443_002.png,0
normal/00000566_005.png,0
normal/00000814_000.png,0
normal/00000980_002.png,0
normal/00000172_000.png,0
normal/00000364_001.png,0
normal/00000502_001.png,0
normal/00000561_002.png,0
normal/00000556_003.png,0
normal/00000464_000.png,0
normal/00000149_009.png,0
normal/00000494_004.png,0
normal/00000412_000.png,0
normal/00000972_002.png,0
normal/00000786_000.png,0
normal/00001055_006.png,0
normal/00001023_000.png,0
normal/00000538_000.png,0
normal/00000853_002.png,0
normal/00000198_000.png,0
normal/00000468_038.png,0
normal/00000190_000.png,0
normal/00000412_002.png,0
normal/00000318_000.png,0
normal/00001011_000.png,0
normal/00001051_000.png,0
normal/00000315_005.png,0
normal/00000039_000.png,0
normal/00000167_000.png,0
normal/00000573_001.png,0
normal/00001022_000.png,0
normal/00000348_006.png,0
normal/00000989_002.png,0
normal/00000798_007.png,0
normal/00001059_003.png,0
normal/00000365_000.png,0
normal/00000127_001.png,0
normal/00000038_005.png,0
normal/00000278_002.png,0
normal/00000910_000.png,0
normal/00001048_002.png,0
normal/00000514_004.png,0
normal/00000636_000.png,0
normal/00000652_024.png,0
normal/00000833_002.png,0
normal/00000545_002.png,0
normal/00000947_003.png,0
normal/00000520_000.png,0
normal/00000784_000.png,0
normal/00000765_001.png,0
normal/00000047_007.png,0
normal/00000305_000.png,0
normal/00000137_000.png,0
normal/00000884_000.png,0
normal/00000271_000.png,0
normal/00000623_009.png,0
normal/00000440_001.png,0
normal/00000552_002.png,0
normal/00000172_004.png,0
normal/00001043_000.png,0
normal/00000914_003.png,0
normal/00000872_004.png,0
normal/00000720_000.png,0
normal/00001060_000.png,0
normal/00000265_000.png,0
normal/00000458_000.png,0
normal/00000914_002.png,0
normal/00000781_003.png,0
normal/00000539_000.png,0
normal/00000098_000.png,0
normal/00000271_003.png,0
normal/00000712_001.png,0
normal/00000278_003.png,0
normal/00000130_000.png,0
normal/00000741_006.png,0
normal/00000954_007.png,0
normal/00000576_001.png,0
normal/00000683_005.png,0
normal/00000901_002.png,0
normal/00000609_000.png,0
normal/00000652_001.png,0
normal/00000566_003.png,0
normal/00000614_000.png,0
normal/00000872_002.png,0
normal/00000507_000.png,0
normal/00001018_000.png,0
normal/00000538_004.png,0
normal/00000355_000.png,0
normal/00000821_001.png,0
normal/00000986_000.png,0
normal/00000359_009.png,0
normal/00001007_003.png,0
normal/00000194_005.png,0
normal/00000782_001.png,0
normal/00001054_003.png,0
normal/00000082_000.png,0
normal/00000242_002.png,0
normal/00000360_000.png,0
normal/00000040_000.png,0
normal/00000820_027.png,0
normal/00000898_000.png,0
normal/00000194_003.png,0
normal/00000054_002.png,0
normal/00000375_000.png,0
normal/00000469_000.png,0
normal/00000569_006.png,0
normal/00000727_001.png,0
normal/00000495_000.png,0
normal/00000183_001.png,0
normal/00000172_002.png,0
normal/00000547_000.png,0
normal/00000149_004.png,0
normal/00000750_000.png,0
normal/00000109_006.png,0
normal/00000382_000.png,0
normal/00000869_004.png,0
normal/00000526_001.png,0
normal/00000322_008.png,0
normal/00000996_003.png,0
normal/00000468_059.png,0
normal/00000500_004.png,0
normal/00001029_010.png,0
normal/00000370_005.png,0
normal/00000976_005.png,0
normal/00000389_000.png,0
normal/00000346_000.png,0
normal/00000110_000.png,0
normal/00000500_006.png,0
normal/00000416_000.png,0
normal/00000798_002.png,0
normal/00000514_006.png,0
normal/00000637_000.png,0
normal/00000921_000.png,0
normal/00000177_005.png,0
normal/00000454_000.png,0
normal/00000206_000.png,0
normal/00000632_002.png,0
normal/00000172_006.png,0
normal/00000054_007.png,0
normal/00000731_006.png,0
normal/00000615_000.png,0
normal/00000013_017.png,0
normal/00000370_002.png,0
normal/00000073_006.png,0
normal/00000840_000.png,0
normal/00001059_005.png,0
normal/00000022_000.png,0
normal/00000679_000.png,0
normal/00000514_005.png,0
normal/00000160_000.png,0
normal/00000348_002.png,0
normal/00000610_000.png,0
normal/00000698_000.png,0
normal/00000738_000.png,0
normal/00000430_000.png,0
normal/00000407_000.png,0
normal/00000743_002.png,0
normal/00001054_000.png,0
normal/00000599_000.png,0
normal/00001019_004.png,0
normal/00000620_002.png,0
normal/00000207_000.png,0
normal/00000770_000.png,0
normal/00000770_001.png,0
normal/00000681_000.png,0
normal/00000358_000.png,0
normal/00000798_006.png,0
normal/00001059_007.png,0
normal/00000700_001.png,0
normal/00000967_002.png,0
normal/00000275_004.png,0
normal/00000087_001.png,0
normal/00001036_000.png,0
normal/00000214_000.png,0
normal/00000276_000.png,0
normal/00000796_008.png,0
normal/00000781_000.png,0
normal/00000107_000.png,0
normal/00000796_004.png,0
normal/00000291_000.png,0
normal/00001072_000.png,0
normal/00000632_003.png,0
normal/00000762_000.png,0
normal/00000318_001.png,0
normal/00000803_000.png,0
normal/00000039_003.png,0
normal/00000867_000.png,0
normal/00000963_019.png,0
normal/00000860_002.png,0
normal/00000013_016.png,0
normal/00000295_000.png,0
normal/00000549_003.png,0
normal/00001072_001.png,0
normal/00000970_000.png,0
normal/00000772_007.png,0
normal/00000273_006.png,0
normal/00001049_000.png,0
normal/00000976_001.png,0
normal/00000759_000.png,0
normal/00000177_004.png,0
normal/00000930_002.png,0
normal/00000527_000.png,0
normal/00000406_001.png,0
normal/00000511_001.png,0
normal/00001045_000.png,0
normal/00000080_000.png,0
normal/00000589_000.png,0
normal/00000143_001.png,0
normal/00000809_001.png,0
normal/00000329_000.png,0
normal/00001055_004.png,0
normal/00000013_019.png,0
normal/00000781_006.png,0
normal/00000997_000.png,0
normal/00000225_001.png,0
normal/00000357_000.png,0
normal/00000691_000.png,0
normal/00000834_000.png,0
normal/00000341_000.png,0
normal/00000273_005.png,0
normal/00000865_004.png,0
normal/00000459_026.png,0
normal/00000376_001.png,0
normal/00000760_000.png,0
normal/00000274_001.png,0
normal/00000894_002.png,0
normal/00000459_002.png,0
normal/00000781_007.png,0
normal/00000118_016.png,0
normal/00000465_001.png,0
normal/00000413_000.png,0
normal/00000716_001.png,0
normal/00000947_002.png,0
normal/00000410_000.png,0
normal/00000241_001.png,0
normal/00000659_001.png,0
normal/00000372_006.png,0
normal/00000887_003.png,0
normal/00000872_003.png,0
normal/00000588_000.png,0
normal/00000315_000.png,0
normal/00000171_000.png,0
normal/00000533_003.png,0
normal/00000604_000.png,0
normal/00000391_003.png,0
normal/00000632_005.png,0
normal/00000090_000.png,0
normal/00000796_007.png,0
normal/00000653_001.png,0
normal/00000809_002.png,0
normal/00000547_008.png,0
normal/00000730_000.png,0
normal/00000577_000.png,0
normal/00000321_004.png,0
normal/00000052_000.png,0
normal/00000231_007.png,0
normal/00000644_000.png,0
normal/00000819_000.png,0
normal/00000825_001.png,0
normal/00000339_000.png,0
normal/00000370_004.png,0
normal/00000149_000.png,0
normal/00000052_001.png,0
normal/00000219_003.png,0
normal/00000716_003.png,0
normal/00000562_000.png,0
normal/00000366_001.png,0
normal/00000391_007.png,0
normal/00000610_001.png,0
normal/00000805_003.png,0
normal/00000781_009.png,0
normal/00000246_018.png,0
normal/00000866_000.png,0
normal/00000594_000.png,0
normal/00000324_002.png,0
normal/00000385_002.png,0
normal/00000167_001.png,0
normal/00000459_006.png,0
normal/00000438_000.png,0
normal/00000630_000.png,0
normal/00000085_000.png,0
normal/00000104_001.png,0
normal/00001067_000.png,0
normal/00000597_000.png,0
normal/00000469_002.png,0
normal/00000250_011.png,0
normal/00000433_000.png,0
normal/00000923_000.png,0
normal/00000370_007.png,0
normal/00000671_000.png,0
normal/00000080_002.png,0
normal/00000545_010.png,0
normal/00000913_000.png,0
normal/00000872_005.png,0
normal/00001055_002.png,0
normal/00000825_004.png,0
normal/00000095_000.png,0
normal/00000907_001.png,0
normal/00000469_001.png,0
normal/00000781_005.png,0
normal/00000293_000.png,0
normal/00000211_033.png,0
normal/00000246_009.png,0
normal/00000317_003.png,0
normal/00000398_000.png,0
normal/00000282_001.png,0
normal/00001054_001.png,0
normal/00000005_004.png,0
normal/00000109_002.png,0
normal/00000385_004.png,0
normal/00000857_000.png,0
normal/00000161_000.png,0
normal/00000191_000.png,0
normal/00000809_003.png,0
normal/00000315_004.png,0
normal/00000992_001.png,0
normal/00000360_007.png,0
normal/00000657_000.png,0
normal/00000473_000.png,0
normal/00000560_000.png,0
normal/00000737_000.png,0
normal/00000426_000.png,0
normal/00000359_003.png,0
normal/00000624_005.png,0
normal/00000486_004.png,0
normal/00000757_001.png,0
normal/00001050_000.png,0
normal/00001024_000.png,0
normal/00000091_000.png,0
normal/00000634_008.png,0
normal/00000597_001.png,0
normal/00000452_000.png,0
normal/00000644_001.png,0
normal/00000869_005.png,0
normal/00000391_004.png,0
normal/00000743_000.png,0
normal/00000379_000.png,0
normal/00001071_000.png,0
normal/00001039_003.png,0
normal/00000278_006.png,0
normal/00000827_013.png,0
normal/00000211_036.png,0
normal/00000226_000.png,0
normal/00000461_002.png,0
normal/00000668_000.png,0
normal/00000646_003.png,0
normal/00000683_000.png,0
normal/00000773_000.png,0
normal/00000372_014.png,0
normal/00000006_000.png,0
normal/00000277_000.png,0
normal/00000821_000.png,0
normal/00001004_000.png,0
normal/00000426_002.png,0
normal/00000662_006.png,0
normal/00000038_002.png,0
normal/00000352_000.png,0
normal/00000854_000.png,0
normal/00000732_010.png,0
normal/00000779_001.png,0
normal/00000312_000.png,0
normal/00000073_003.png,0
normal/00000194_004.png,0
normal/00000646_004.png,0
normal/00000569_002.png,0
normal/00000470_000.png,0
normal/00000811_000.png,0
normal/00001011_001.png,0
normal/00000273_007.png,0
normal/00000781_001.png,0
normal/00000623_006.png,0
normal/00000422_003.png,0
normal/00000100_001.png,0
normal/00000181_056.png,0
normal/00000517_003.png,0
normal/00000922_001.png,0
normal/00000478_002.png,0
normal/00000494_005.png,0
normal/00000408_000.png,0
normal/00000697_000.png,0
normal/00000655_006.png,0
normal/00000621_013.png,0
normal/00000904_000.png,0
normal/00000182_000.png,0
normal/00000836_000.png,0
normal/00000459_013.png,0
normal/00000360_002.png,0
normal/00000322_006.png,0
normal/00000643_000.png,0
normal/00000140_000.png,0
normal/00000366_000.png,0
normal/00000227_001.png,0
normal/00000739_000.png,0
normal/00000662_001.png,0
normal/00000241_000.png,0
normal/00000217_000.png,0
normal/00000042_007.png,0
normal/00000700_000.png,0
normal/00000709_006.png,0
normal/00000709_005.png,0
normal/00000706_000.png,0
normal/00000230_000.png,0
normal/00000153_000.png,0
normal/00000509_000.png,0
normal/00000429_001.png,0
normal/00000175_000.png,0
normal/00000652_011.png,0
normal/00001047_003.png,0
normal/00000623_010.png,0
normal/00000765_003.png,0
normal/00000581_000.png,0
normal/00000050_003.png,0
normal/00000583_001.png,0
normal/00000576_000.png,0
normal/00000675_000.png,0
normal/00000839_000.png,0
normal/00000709_007.png,0
normal/00000587_000.png,0
normal/00000545_006.png,0
normal/00000029_000.png,0
normal/00000670_000.png,0
normal/00000918_000.png,0
normal/00000122_000.png,0
normal/00000222_000.png,0
normal/00000321_000.png,0
normal/00000547_002.png,0
normal/00000781_004.png,0
normal/00000440_000.png,0
normal/00000322_005.png,0
normal/00000002_000.png,0
normal/00000723_001.png,0
normal/00000815_002.png,0
normal/00000466_003.png,0
normal/00000947_000.png,0
normal/00000814_007.png,0
normal/00000090_010.png,0
normal/00000973_000.png,0
normal/00000517_002.png,0
normal/00000694_001.png,0
normal/00000262_000.png,0
normal/00000914_001.png,0
normal/00000500_002.png,0
normal/00000757_000.png,0
normal/00000239_005.png,0
normal/00000500_007.png,0
normal/00000271_001.png,0
normal/00000569_003.png,0
normal/00000231_012.png,0
normal/00000169_000.png,0
normal/00000272_005.png,0
normal/00001059_000.png,0
normal/00000376_004.png,0
normal/00000425_000.png,0
normal/00000273_009.png,0
normal/00000139_002.png,0
normal/00000423_000.png,0
normal/00000381_004.png,0
normal/00001025_000.png,0
normal/00000955_000.png,0
normal/00001042_000.png,0
normal/00000974_007.png,0
normal/00000987_000.png,0
normal/00000580_003.png,0
normal/00000573_011.png,0
normal/00000199_000.png,0
normal/00000011_004.png,0
normal/00000965_000.png,0
normal/00000935_001.png,0
normal/00000768_000.png,0
normal/00000018_000.png,0
normal/00000525_000.png,0
normal/00000974_009.png,0
normal/00000744_013.png,0
normal/00000835_000.png,0
normal/00000984_000.png,0
normal/00000776_000.png,0
normal/00000511_000.png,0
normal/00000431_001.png,0
normal/00001029_012.png,0
normal/00000121_002.png,0
normal/00000483_000.png,0
normal/00000172_001.png,0
normal/00000430_001.png,0
normal/00000174_004.png,0
normal/00000115_000.png,0
normal/00000177_001.png,0
normal/00000073_000.png,0
normal/00000318_003.png,0
normal/00001059_006.png,0
normal/00000459_012.png,0
normal/00000972_000.png,0
normal/00000715_000.png,0
normal/00000480_000.png,0
normal/00000873_001.png,0
normal/00000949_009.png,0
normal/00000827_015.png,0
normal/00001002_000.png,0
normal/00001007_001.png,0
normal/00000858_000.png,0
normal/00000682_000.png,0
normal/00000789_000.png,0
normal/00000626_000.png,0
normal/00000569_001.png,0
normal/00000879_000.png,0
normal/00000765_004.png,0
normal/00000974_002.png,0
normal/00000378_000.png,0
normal/00000764_001.png,0
normal/00000752_001.png,0
normal/00000554_000.png,0
normal/00000054_005.png,0
normal/00000047_001.png,0
normal/00000697_003.png,0
normal/00000763_000.png,0
normal/00000173_001.png,0
normal/00000674_000.png,0
normal/00000417_003.png,0
normal/00000598_000.png,0
normal/00000624_006.png,0
normal/00000348_000.png,0
normal/00000494_001.png,0
normal/00000272_002.png,0
normal/00000704_001.png,0
normal/00000422_002.png,0
normal/00000327_002.png,0
normal/00000447_004.png,0
normal/00000767_000.png,0
normal/00001010_000.png,0
normal/00000662_000.png,0
normal/00000531_001.png,0
normal/00000362_003.png,0
normal/00000447_003.png,0
normal/00000450_007.png,0
normal/00000016_000.png,0
normal/00000842_000.png,0
normal/00000327_003.png,0
normal/00000211_030.png,0
normal/00000650_000.png,0
normal/00000266_000.png,0
normal/00000046_000.png,0
normal/00000731_000.png,0
normal/00000955_001.png,0
normal/00001059_001.png,0
normal/00000702_001.png,0
normal/00000834_001.png,0
normal/00000898_001.png,0
normal/00000549_000.png,0
normal/00000042_005.png,0
normal/00000744_000.png,0
normal/00000704_000.png,0
normal/00000246_002.png,0
normal/00000638_000.png,0
normal/00000011_008.png,0
normal/00000847_000.png,0
normal/00000541_001.png,0
normal/00000802_000.png,0
normal/00000463_001.png,0
normal/00000486_002.png,0
normal/00000957_000.png,0
normal/00000559_000.png,0
normal/00000683_001.png,0
normal/00000443_003.png,0
normal/00000964_000.png,0
normal/00000317_000.png,0
normal/00000967_000.png,0
normal/00000847_001.png,0
normal/00000609_001.png,0
normal/00000502_000.png,0
normal/00000323_000.png,0
normal/00000277_002.png,0
normal/00000880_000.png,0
normal/00000403_001.png,0
normal/00000564_000.png,0
normal/00000186_000.png,0
normal/00000741_004.png,0
normal/00000669_000.png,0
normal/00000718_000.png,0
normal/00000531_003.png,0
normal/00000832_003.png,0
normal/00000431_003.png,0
normal/00000050_002.png,0
normal/00000704_003.png,0
normal/00000869_006.png,0
normal/00000689_000.png,0
normal/00000260_000.png,0
normal/00000301_001.png,0
normal/00000288_002.png,0
normal/00000252_000.png,0
normal/00000602_000.png,0
normal/00000218_007.png,0
normal/00000952_000.png,0
normal/00000250_000.png,0
normal/00000727_003.png,0
normal/00000702_002.png,0
normal/00000190_003.png,0
normal/00000304_002.png,0
normal/00000321_002.png,0
normal/00000133_001.png,0
normal/00000340_000.png,0
normal/00000558_000.png,0
normal/00000572_000.png,0
normal/00000930_001.png,0
normal/00000697_004.png,0
normal/00000971_001.png,0
normal/00000621_006.png,0
normal/00000318_002.png,0
normal/00000960_000.png,0
normal/00000008_001.png,0
normal/00000565_000.png,0
normal/00000652_002.png,0
normal/00000805_000.png,0
normal/00000390_001.png,0
normal/00000239_000.png,0
normal/00000174_003.png,0
normal/00000342_000.png,0
normal/00001019_003.png,0
normal/00000922_000.png,0
normal/00000129_000.png,0
normal/00000281_002.png,0
normal/00000399_001.png,0
normal/00001027_001.png,0
normal/00000662_007.png,0
normal/00000996_000.png,0
normal/00000181_000.png,0
normal/00000621_012.png,0
normal/00000861_004.png,0
normal/00000265_001.png,0
normal/00000627_020.png,0
normal/00000458_002.png,0
normal/00000340_002.png,0
normal/00000575_000.png,0
normal/00000459_023.png,0
normal/00000833_001.png,0
normal/00000248_012.png,0
normal/00000926_002.png,0
normal/00000259_000.png,0
normal/00000570_001.png,0
normal/00000481_000.png,0
normal/00000223_000.png,0
normal/00001048_001.png,0
normal/00000391_001.png,0
normal/00000976_002.png,0
normal/00000538_003.png,0
normal/00000843_000.png,0
normal/00000426_003.png,0
normal/00001039_004.png,0
normal/00000447_001.png,0
normal/00000653_000.png,0
normal/00000479_000.png,0
normal/00000949_008.png,0
normal/00000916_000.png,0
normal/00000169_001.png,0
normal/00000064_000.png,0
normal/00000476_000.png,0
normal/00000514_000.png,0
normal/00000697_008.png,0
normal/00001021_004.png,0
normal/00000252_001.png,0
normal/00000531_006.png,0
normal/00000334_001.png,0
normal/00000687_000.png,0
normal/00000881_000.png,0
normal/00000764_000.png,0
normal/00000600_000.png,0
normal/00000497_000.png,0
normal/00000582_000.png,0
normal/00000822_000.png,0
normal/00000974_005.png,0
normal/00001041_000.png,0
normal/00000853_000.png,0
normal/00000443_000.png,0
normal/00000289_003.png,0
normal/00000947_001.png,0
normal/00000318_009.png,0
normal/00000901_000.png,0
normal/00000882_007.png,0
normal/00000429_000.png,0
normal/00000567_000.png,0
normal/00000812_000.png,0
normal/00000721_001.png,0
normal/00000727_005.png,0
normal/00000566_004.png,0
normal/00001047_001.png,0
normal/00000937_000.png,0
normal/00000967_001.png,0
normal/00000219_002.png,0
normal/00000466_000.png,0
normal/00000289_000.png,0
normal/00000500_001.png,0
normal/00000741_003.png,0
normal/00000838_000.png,0
normal/00001065_000.png,0
normal/00000814_003.png,0
normal/00000253_000.png,0
normal/00000873_002.png,0
normal/00000420_000.png,0
normal/00000149_001.png,0
normal/00000034_001.png,0
normal/00000832_007.png,0
normal/00001038_000.png,0
normal/00000184_000.png,0
normal/00000209_000.png,0
normal/00000349_000.png,0
normal/00000731_001.png,0
normal/00000813_000.png,0
normal/00000425_001.png,0
normal/00000792_000.png,0
normal/00000940_000.png,0
normal/00000785_002.png,0
normal/00000054_004.png,0
normal/00001039_001.png,0
normal/00000754_006.png,0
normal/00000869_000.png,0
normal/00000041_003.png,0
normal/00000969_000.png,0
normal/00000662_002.png,0
normal/00000593_000.png,0
normal/00000927_001.png,0
normal/00001001_000.png,0
normal/00000676_003.png,0
normal/00000187_001.png,0
normal/00000824_000.png,0
normal/00000328_000.png,0
normal/00000906_000.png,0
normal/00000958_000.png,0
normal/00000391_000.png,0
normal/00001027_000.png,0
normal/00000143_004.png,0
normal/00000011_002.png,0
normal/00000048_000.png,0
normal/00000264_000.png,0
normal/00000705_000.png,0
normal/00001059_002.png,0
normal/00000071_003.png,0
normal/00000796_001.png,0
normal/00000396_000.png,0
normal/00000623_007.png,0
normal/00000561_001.png,0
normal/00000486_003.png,0
normal/00000758_000.png,0
normal/00000941_000.png,0
normal/00000197_000.png,0
normal/00000824_001.png,0
normal/00000370_003.png,0
normal/00000973_001.png,0
normal/00000532_000.png,0
normal/00000272_006.png,0
normal/00000988_001.png,0
normal/00000279_000.png,0
normal/00000172_005.png,0
normal/00000925_000.png,0
normal/00001061_000.png,0
normal/00000954_000.png,0
normal/00000248_026.png,0
normal/00000976_004.png,0
normal/00000162_000.png,0
normal/00001021_001.png,0
normal/00000430_002.png,0
normal/00000756_000.png,0
normal/00000096_008.png,0
normal/00000369_000.png,0
normal/00000231_005.png,0
normal/00000997_002.png,0
normal/00000796_002.png,0
normal/00000013_000.png,0
normal/00000320_000.png,0
normal/00000190_005.png,0
normal/00000659_000.png,0
normal/00000068_000.png,0
normal/00000863_000.png,0
normal/00000815_000.png,0
normal/00000813_001.png,0
normal/00000933_000.png,0
normal/00000865_005.png,0
normal/00000632_006.png,0
normal/00000427_000.png,0
normal/00000753_001.png,0
normal/00001018_007.png,0
normal/00000900_000.png,0
normal/00000887_000.png,0
normal/00000741_005.png,0
normal/00000547_003.png,0
normal/00000118_014.png,0
normal/00001069_000.png,0
normal/00000419_000.png,0
normal/00000616_000.png,0
normal/00000218_002.png,0
normal/00000428_000.png,0
normal/00001039_000.png,0
normal/00000073_009.png,0
normal/00000049_002.png,0
normal/00000871_000.png,0
normal/00000974_001.png,0
normal/00000078_000.png,0
normal/00000149_003.png,0
normal/00000194_002.png,0
normal/00001055_003.png,0
normal/00000097_000.png,0
normal/00000833_000.png,0
normal/00000392_000.png,0
normal/00000312_002.png,0
normal/00000951_000.png,0
normal/00000949_003.png,0
normal/00000500_003.png,0
normal/00000091_006.png,0
normal/00000466_001.png,0
normal/00000872_001.png,0
normal/00000547_009.png,0
normal/00000422_005.png,0
normal/00000519_000.png,0
normal/00001045_003.png,0
normal/00000545_008.png,0
normal/00000158_000.png,0
normal/00000281_000.png,0
normal/00000143_005.png,0
normal/00000645_000.png,0
normal/00000927_002.png,0
normal/00000909_001.png,0
normal/00000273_004.png,0
normal/00000163_001.png,0
normal/00000751_000.png,0
normal/00000746_000.png,0
normal/00001004_002.png,0
normal/00000362_005.png,0
normal/00000502_014.png,0
normal/00000417_004.png,0
normal/00001019_000.png,0
normal/00000715_001.png,0
normal/00000741_008.png,0
normal/00000290_000.png,0
normal/00000023_000.png,0
normal/00000054_001.png,0
normal/00000727_007.png,0
normal/00001008_000.png,0
normal/00000980_000.png,0
normal/00000050_001.png,0
normal/00000466_004.png,0
normal/00000727_002.png,0
normal/00000484_000.png,0
normal/00000304_001.png,0
normal/00000621_010.png,0
normal/00000038_007.png,0
normal/00000127_008.png,0
normal/00000618_000.png,0
normal/00000398_004.png,0
normal/00000975_000.png,0
normal/00000766_009.png,0
normal/00000105_003.png,0
normal/00000697_001.png,0